分类,序号,因子名称,最小分位超额年化,最大分位超额年化,最小分位换手,最大分位换手,IC,IR
动量类因子,1,10日乖离率,31.91,1.73,0.29,0.29,0.3,0.443
动量类因子,2,10日终极指标TRIX,2.95,3.43,0.06,0.07,0.66,0.278
动量类因子,3,10日顺势指标,2.99,-11.51,0.4,0.32,0.466,0.418
动量类因子,4,120日变动速率(Price Rate of Change),28.39,2.21,0.06,0.07,0.15,0.239
动量类因子,5,12日变动速率(Price Rate of Change),17.96,3.33,0.22,0.21,0.61,0.302
动量类因子,6,12日收盘价格与日期线性回归系数,21.73,2.16,0.26,0.26,0.303,0.132
动量类因子,7,15日顺势指标,-1.19,-6.49,0.31,0.25,0.596,0.315
动量类因子,8,20日乖离率,16.28,-0.39,0.2,0.21,0.534,0.243
动量类因子,9,20日顺势指标,-2.07,-6.51,0.26,0.21,0.638,0.322
动量类因子,10,24日收盘价格与日期线性回归系数,11.21,1.64,0.18,0.19,0.684,0.27
动量类因子,11,5日乖离率,27.43,-0.62,0.42,0.43,0.843,0.626
动量类因子,12,5日终极指标TRIX,22.59,2.74,0.13,0.13,0.054,0.489
动量类因子,13,60日乖离率,11.05,1.47,0.1,0.12,0.119,0.096
动量类因子,14,60日变动速率(Price Rate of Change),18.06,-2.5,0.09,0.09,0.526,0.813
动量类因子,15,6日变动速率(Price Rate of Change),19.71,5.06,0.31,0.3,0.822,0.487
动量类因子,16,6日收盘价格与日期线性回归系数,28.38,0.17,0.38,0.39,0.317,0.286
动量类因子,17,88日顺势指标,5.39,-9.12,0.11,0.09,0.922,0.361
动量类因子,18,Aroon指标上轨,-9.57,0.1,0.28,0.15,0.726,0.944
动量类因子,19,Aroon指标下轨,3.97,4.3,0.15,0.27,0.476,0.35
动量类因子,20,BBI动量,3.67,14.93,0.31,0.29,0.746,0.884
动量类因子,21,CR指标,1.89,-0.62,0.15,0.14,0.325,0.813
动量类因子,22,单日价量趋势12均值,-2.68,7.13,0.19,0.16,0.85,0.284
动量类因子,23,单日价量趋势6日均值,3.74,2.56,0.27,0.25,0.595,0.991
动量类因子,24,单日价量趋势,0.01,11.39,0.7,0.72,0.191,0.709
动量类因子,25,多头力道,9.2,5.23,0.27,0.26,0.474,0.784
动量类因子,26,当前股价除以过去一个月股价均值再减1,18.1,2.64,0.19,0.2,0.986,0.854
动量类因子,27,当前股价除以过去一年股价均值再减1,31.0,-7.47,0.03,0.05,0.352,0.057
动量类因子,28,当前股价除以过去三个月股价均值再减1,10.34,1.55,0.1,0.12,0.564,0.866
动量类因子,29,梅斯线,1.02,10.93,0.09,0.09,0.411,0.206
动量类因子,30,空头力道,21.08,-8.89,0.24,0.26,0.509,0.01
基础科目及衍生类因子,1,净债务,22.2,-12.53,0.0,0.0,0.374,0.242
基础科目及衍生类因子,2,净利润TTM,45.46,-18.41,0.01,0.0,0.794,0.437
基础科目及衍生类因子,3,净运营资本,-5.4,-3.44,0.0,0.0,0.698,0.736
基础科目及衍生类因子,4,利润总额TTM,65.17,-17.83,0.0,0.0,0.893,0.152
基础科目及衍生类因子,5,归属于母公司股东的净利润TTM,45.46,-18.41,0.01,0.0,0.028,0.06
基础科目及衍生类因子,6,息前净利润,-594.15,-10.63,0.01,0.01,0.161,0.549
基础科目及衍生类因子,7,流通市值,28.75,-14.23,0.01,0.01,0.297,0.365
基础科目及衍生类因子,8,现金流市值比,-7.88,4.34,0.01,0.01,0.996,0.973
基础科目及衍生类因子,9,留存收益,21.95,-21.84,0.0,0.0,0.548,0.462
基础科目及衍生类因子,10,筹资活动产生的现金流量净额TTM,-14.51,2.12,0.01,0.01,0.221,0.375
基础科目及衍生类因子,11,管理费用TTM,18.28,-13.92,0.0,0.0,0.641,0.285
基础科目及衍生类因子,12,经营活动产生的现金流量净额TTM,8.5,-19.7,0.01,0.0,0.117,0.784
基础科目及衍生类因子,13,股息率TTM,22.45,-29.15,0.02,0.01,0.831,0.434
基础科目及衍生类因子,14,营业利润TTM,52.84,-16.76,0.0,0.0,0.125,0.101
基础科目及衍生类因子,15,营业外支出TTM,18.92,-15.43,0.01,0.0,0.218,0.642
基础科目及衍生类因子,16,营业外收入TTM,22.09,-11.18,0.01,0.0,0.199,0.36
基础科目及衍生类因子,17,营业外收支净额TTM,-15.21,-2.81,0.01,0.01,0.369,0.485
基础科目及衍生类因子,18,营业总收入TTM,33.24,-14.2,0.0,0.0,0.083,0.806
基础科目及衍生类因子,19,营业成本TTM,41.18,-12.98,0.0,0.0,0.789,0.456
基础科目及衍生类因子,20,营业收入TTM,30.34,-14.29,0.0,0.0,0.912,0.039
基础科目及衍生类因子,21,财务费用TTM,-1.29,0.57,0.0,0.0,0.933,0.382
基础科目及衍生类因子,22,资产减值损失TTM,0.57,-6.24,0.01,0.01,0.358,0.622
情绪类因子,1,人气指标,-4.36,11.96,0.15,0.14,0.507,0.371
情绪类因子,2,ARBR,-3.24,17.58,0.12,0.13,0.182,0.657
情绪类因子,3,14日均幅指标,-22.1,17.95,0.02,0.02,0.438,0.161
情绪类因子,4,6日均幅指标,-24.95,14.86,0.04,0.04,0.337,0.775
情绪类因子,5,意愿指标,-5.28,5.72,0.15,0.15,0.492,0.701
情绪类因子,6,10日平均换手率与120日平均换手率之比,-10.21,12.59,0.09,0.08,0.566,0.897
情绪类因子,7,20日平均换手率与120日平均换手率之比,-11.42,17.91,0.06,0.05,0.028,0.057
情绪类因子,8,5日平均换手率与120日平均换手率,-3.36,9.91,0.15,0.12,0.689,0.824
情绪类因子,9,因子WVAD的6日均值,-6.42,14.28,0.14,0.13,0.17,0.359
情绪类因子,10,20日资金流量,-27.79,20.93,0.02,0.02,0.837,0.109
情绪类因子,11,心理线指标,-7.66,-2.08,0.24,0.22,0.623,0.979
情绪类因子,12,20日成交金额的移动平均值,-26.44,20.69,0.02,0.02,0.769,0.245
情绪类因子,13,tvma6,-20.06,13.88,0.06,0.05,0.186,0.632
情绪类因子,14,20日成交金额的标准差,-22.45,22.7,0.05,0.04,0.715,0.832
情绪类因子,15,6日成交金额的标准差,-8.39,13.42,0.17,0.13,0.375,0.516
情绪类因子,16,计算VMACD因子的中间变量dea,-8.26,4.11,0.07,0.08,0.847,0.891
情绪类因子,17,计算VMACD因子的中间变量diff,-11.44,7.15,0.13,0.16,0.708,0.517
情绪类因子,18,成交量的10日指数移动平均,10.01,-2.16,0.02,0.02,0.276,0.765
情绪类因子,19,12日成交量的移动平均值,9.68,-2.62,0.02,0.02,0.778,0.83
情绪类因子,20,成交量的26日指数移动平均,7.74,-2.75,0.01,0.02,0.339,0.922
情绪类因子,21,成交量的5日指数移动平均,10.87,-2.71,0.04,0.04,0.547,0.48
情绪类因子,22,成交量指数平滑异同移动平均线,-5.01,3.36,0.22,0.26,0.372,0.946
情绪类因子,23,10日平均换手率,-4.05,31.7,0.01,0.03,0.892,0.551
情绪类因子,24,120日平均换手率,3.87,50.66,0.0,0.01,0.767,0.969
情绪类因子,25,20日平均换手率,-4.68,30.22,0.01,0.02,0.302,0.972
情绪类因子,26,240日平均换手率,5.18,42.4,0.0,0.0,0.785,0.393
情绪类因子,27,5日平均换手率,-3.53,27.04,0.02,0.06,0.996,0.12
情绪类因子,28,60日平均换手率,-0.88,40.02,0.01,0.01,0.347,0.515
情绪类因子,29,成交量震荡,-7.25,6.34,0.15,0.16,0.071,0.101
情绪类因子,30,12日量变动速率指标,-5.26,7.3,0.57,0.53,0.951,0.935
情绪类因子,31,6日量变动速率指标,11.9,2.12,0.61,0.56,0.771,0.097
情绪类因子,32,10日成交量标准差,12.87,3.26,0.07,0.07,0.22,0.63
情绪类因子,33,20日成交量标准差,10.35,1.67,0.03,0.03,0.62,0.4
情绪类因子,34,威廉变异离散量,4.28,-6.36,0.29,0.26,0.201,0.776
成长类因子,1,净资产增长率,-1.36,12.3,0.01,0.01,0.233,0.986
成长类因子,2,利润总额增长率,122.19,0.37,0.01,0.01,0.646,0.244
成长类因子,3,归属母公司股东的净利润增长率,74.77,1.86,0.01,0.01,0.713,0.624
成长类因子,4,当季净资产收益率ROE,-67.38,-2.5,0.02,0.02,0.611,0.075
成长类因子,5,当年净资产收益率ROE,96.92,4.03,0.01,0.01,0.961,0.481
成长类因子,6,扣非当季净资产收益ROE,-109.39,-3.08,0.02,0.02,0.442,0.357
成长类因子,7,筹资活动产生的现金流量净额增长率,-3.25,-4.56,0.02,0.02,0.314,0.99
技术指标因子,1,10日指数移动均线,3.09,17.17,0.32,0.3,0.572,0.665
技术指标因子,2,10日移动均线,1.45,31.86,0.29,0.28,0.122,0.907
技术指标因子,3,120日指数移动均线,-12.27,24.65,0.09,0.06,0.694,0.271
技术指标因子,4,120日移动均线,-63.44,20.9,0.08,0.06,0.361,0.992
技术指标因子,5,12日指数移动均线,2.63,18.31,0.29,0.28,0.845,0.31
技术指标因子,6,12日移动均线,1.87,21.35,0.27,0.26,0.084,0.841
技术指标因子,7,20日指数移动均线,0.45,10.99,0.23,0.21,0.784,0.07
技术指标因子,8,20日移动均线,-0.48,16.14,0.21,0.19,0.572,0.427
技术指标因子,9,26日指数移动均线,1.22,11.92,0.2,0.18,0.088,0.514
技术指标因子,10,26日移动均线,-15.43,10.94,0.18,0.17,0.173,0.072
技术指标因子,11,5日指数移动均线,0.9,27.93,0.43,0.41,0.604,0.116
技术指标因子,12,5日移动均线,-0.61,28.34,0.43,0.42,0.759,0.311
技术指标因子,13,上轨线（布林线）指标,-17.51,17.03,0.25,0.14,0.797,0.393
技术指标因子,14,下轨线（布林线）指标,8.05,-8.17,0.17,0.3,0.145,0.587
技术指标因子,15,平滑异同移动平均线,21.24,2.83,0.13,0.14,0.143,0.771
技术指标因子,16,资金流量指标,2.81,-1.46,0.19,0.18,0.132,0.139
每股指标因子,1,市净率,8.97,-9.86,0.02,0.01,0.141,0.311
每股指标因子,2,总市值,27.88,-16.7,0.02,0.01,0.556,0.435
每股指标因子,3,每股净资产,-5.27,15.78,0.0,0.0,0.471,0.814
每股指标因子,4,每股收益TTM,-2.99,7.87,0.0,0.0,0.092,0.654
每股指标因子,5,每股未分配利润,-9.83,6.84,0.0,0.0,0.615,0.295
每股指标因子,6,每股现金及现金等价物余额,-0.86,1.29,0.01,0.0,0.93,0.513
每股指标因子,7,每股留存收益,-11.59,6.37,0.0,0.0,0.074,0.789
每股指标因子,8,每股经营活动产生的现金流量净额,-2.5,-1.13,0.01,0.0,0.412,0.704
每股指标因子,9,每股营业利润TTM,-2.17,6.95,0.0,0.0,0.218,0.971
每股指标因子,10,每股营业总收入,-37.04,-0.55,0.01,0.01,0.66,0.079
每股指标因子,11,每股营业收入TTM,-49.71,-0.43,0.0,0.0,0.306,0.462
每股指标因子,12,每股营业收入,-34.76,-0.53,0.01,0.01,0.353,0.446
每股指标因子,13,每股资本公积金,-8.61,24.6,0.0,0.0,0.403,0.202
财务类因子,1,加:期初现金及现金等价物余额,35.4,0.68,0.4,0.13,0.401,0.739
财务类因子,2,收到原保险合同保费取得的现金,-72.44,0.61,0.58,0.44,0.482,0.602
财务类因子,3,收取利息、手续费及佣金的现金,18.88,0.31,0.13,0.27,0.356,0.31
财务类因子,4,销售商品、提供劳务收到的现金,79.57,0.32,0.55,0.15,0.701,0.037
财务类因子,5,偿还债务支付的现金,33.02,0.8,0.56,0.74,0.607,0.207
财务类因子,6,分配股利、利润或偿付利息支付的现金,47.29,0.59,0.81,0.94,0.684,0.656
财务类因子,7,支付给职工以及为职工支付的现金,45.69,0.53,0.86,0.88,0.799,0.273
财务类因子,8,购买商品、接受劳务支付的现金,77.56,0.11,0.63,0.78,0.667,0.774
财务类因子,9,支付原保险合同赔付款项的现金,-4.35,0.3,0.48,0.03,0.152,0.618
财务类因子,10,支付利息、手续费及佣金的现金,8.03,0.82,0.96,0.13,0.253,0.794
财务类因子,11,投资支付的现金,38.92,0.5,0.25,0.35,0.516,0.216
财务类因子,12,支付保单红利的现金,-81.03,0.29,0.33,0.15,0.547,0.663
财务类因子,13,购建固定资产、无形资产和其他长期资产支付的现金,140.78,0.43,0.15,0.89,0.815,0.776
财务类因子,14,其中:子公司支付给少数股东的股利、利润,17.98,0.42,0.95,0.3,0.724,0.585
财务类因子,15,支付的各项税费,90.44,0.4,0.85,0.12,0.983,0.355
财务类因子,16,吸收投资收到的现金,32.11,0.02,0.49,0.55,0.988,0.967
财务类因子,17,取得投资收益收到的现金,37.34,0.07,0.15,0.85,0.916,0.789
财务类因子,18,其中:子公司吸收少数股东投资收到的现金,12.98,0.62,0.87,0.73,0.738,0.569
财务类因子,19,发行债券收到的现金,46.0,0.24,0.41,0.66,0.258,0.361
财务类因子,20,取得借款收到的现金,22.19,0.8,0.99,0.52,0.956,0.605
财务类因子,21,收回投资收到的现金,15.67,0.01,0.98,0.01,0.653,0.897
财务类因子,22,汇率变动对现金及现金等价物的影响,18.67,0.32,0.59,0.54,0.992,0.84
财务类因子,23,期末现金及现金等价物余额,40.08,0.68,0.13,0.78,0.306,0.212
财务类因子,24,影响现金及现金等价物的差错金额,0.81,0.12,0.85,0.5,0.993,0.821
财务类因子,25,筹资活动现金流入的调整项目,24.21,0.48,0.51,0.55,0.506,0.952
财务类因子,26,筹资活动现金流出的调整项目,17.56,0.3,0.32,0.98,0.308,0.678
财务类因子,27,筹资活动现金流出的差错金额,1.21,0.4,0.54,0.35,0.018,0.882
财务类因子,28,投资活动现金流出的调整项目,-15.31,0.03,0.84,0.32,0.567,0.629
财务类因子,29,投资活动现金流入的调整项目,7.65,0.84,0.17,0.04,0.22,0.725
财务类因子,30,收到再保险业务现金净额,-0.78,0.98,0.49,0.08,0.185,0.784
财务类因子,31,取得子公司及其他营业单位支付的现金净额,13.5,0.74,0.58,0.75,0.356,0.65
财务类因子,32,处置固定资产、无形资产和其他长期资产收回的现金净额,57.69,0.98,0.97,0.06,0.323,0.922
财务类因子,33,处置子公司及其他营业单位收到的现金净额,7.96,0.75,0.36,0.22,0.002,0.28
财务类因子,34,向中央银行借款净减少额,-0.56,0.96,0.93,0.07,0.091,0.967
财务类因子,35,客户存款和同业存放款项净减少额,-0.06,0.06,0.03,0.52,0.316,0.815
财务类因子,36,存放中央银行和同业款项净减少额,3.3,0.03,0.86,0.47,0.461,0.4
财务类因子,37,向其他金融机构拆出资金净减少额,-12.58,0.76,0.77,0.59,0.139,0.649
财务类因子,38,筹资活动产生的现金流量净额,-3.11,0.37,0.7,0.21,0.524,0.509
财务类因子,39,处置交易性金融资产净增加额,19.84,0.84,0.3,0.79,0.872,0.325
财务类因子,40,保户储金及投资款净增加额,-3.02,0.76,0.19,0.45,0.718,0.378
财务类因子,41,向中央银行借款净增加额,-16.82,0.96,0.79,0.05,0.921,0.868
财务类因子,42,向其他金融机构拆入资金净增加额,-68.35,0.89,0.1,0.48,0.077,0.14
财务类因子,43,现金及现金等价物净增加额,10.16,0.2,0.38,0.19,0.962,0.86
财务类因子,44,客户存款和同业存放款项净增加额,-4.09,0.56,0.81,0.21,0.004,0.907
财务类因子,45,存放中央银行和同业款项净增加额,1.36,0.59,0.56,0.16,0.612,0.427
财务类因子,46,拆入资金净增加额,-1.38,0.21,0.19,0.75,0.704,0.224
财务类因子,47,向其他金融机构拆出资金净增加额,-31.56,0.17,0.59,0.18,0.211,0.924
财务类因子,48,客户贷款及垫款净增加额,-2.26,0.03,0.19,0.66,0.538,0.799
财务类因子,49,质押贷款净增加额,-2.03,0.51,0.63,0.14,0.696,0.972
财务类因子,50,回购业务资金净增加额,-8.96,0.92,0.08,0.93,0.619,0.504
财务类因子,51,投资活动产生的现金流量净额,-10.37,0.92,0.23,0.75,0.779,0.316
财务类因子,52,经营活动产生的现金流量净额,16.13,0.19,0.36,0.92,0.503,0.641
财务类因子,53,经营活动现金流入的调整项目,9.22,0.27,0.69,0.53,0.892,0.45
财务类因子,54,经营活动现金流出的调整项目,3.07,0.29,0.42,0.61,0.227,0.848
财务类因子,55,经营活动现金流出的差错金额,0.73,0.42,0.22,0.23,0.649,0.315
财务类因子,56,收到其他与经营活动有关的现金,80.51,0.36,0.92,1.0,0.669,0.898
财务类因子,57,支付其他与筹资活动有关的现金,35.24,0.33,0.06,0.35,0.423,0.551
财务类因子,58,支付其他与投资活动有关的现金,43.27,0.31,0.93,0.35,0.995,0.752
财务类因子,59,支付其他与经营活动有关的现金,53.86,0.84,0.92,0.87,0.016,0.649
财务类因子,60,收到其他与筹资活动有关的现金,28.16,0.85,0.38,0.62,0.824,0.02
财务类因子,61,收到其他与投资活动有关的现金,11.0,0.17,0.07,0.68,0.045,0.981
财务类因子,62,seq,14.84,0.92,0.1,0.49,0.173,0.449
财务类因子,63,筹资活动现金流入小计,41.37,0.22,0.93,0.53,0.767,0.793
财务类因子,64,筹资活动现金流出小计,66.49,0.31,0.67,0.73,0.218,0.412
财务类因子,65,投资活动现金流入小计,39.85,0.95,0.21,0.59,0.969,0.76
财务类因子,66,投资活动现金流出小计,40.44,0.54,0.09,0.26,0.233,0.389
财务类因子,67,经营活动现金流入小计,76.08,0.71,0.85,0.48,0.721,0.704
财务类因子,68,经营活动现金流出小计,71.38,0.7,0.06,0.07,0.297,0.894
财务类因子,69,收到的税费返还,30.93,0.95,0.59,0.03,0.236,0.584
财务类因子,70,业务及管理费,7.21,0.72,0.76,0.46,0.42,0.21
财务类因子,71,以摊余成本计量的金融资产终止确认收益（损失以“-”号填列）,-2.12,0.36,0.06,0.14,0.414,0.056
财务类因子,72,保单红利支出,-55.76,1.0,0.88,0.48,0.524,0.22
财务类因子,73,保险业务收入,4.37,0.17,0.55,0.04,0.153,0.901
财务类因子,74,信用减值损失（损失以“-”号填列）,9.98,0.04,0.79,0.0,0.689,0.151
财务类因子,75,公允价值变动收益(损失以“-”号填列),26.75,0.82,0.67,0.79,0.903,0.847
财务类因子,76,其他业务支出,-1.14,0.37,0.18,0.32,0.254,0.046
财务类因子,77,其他业务收入,13.53,0.2,0.96,0.41,0.426,0.932
财务类因子,78,其他收益,35.92,0.16,0.05,0.9,0.839,0.381
财务类因子,79,其他综合收益,6.95,0.54,0.29,0.51,0.276,0.403
财务类因子,80,其他资产减值损失,-11.47,0.95,0.25,0.99,0.459,0.735
财务类因子,81,净利润(净亏损以“-”号填列),64.18,0.05,0.45,0.61,0.663,0.8
财务类因子,82,净敞口套期收益（损失以“-”号填列）,303.19,0.7,0.83,0.51,0.348,0.958
财务类因子,83,分保费用,10.26,0.7,0.48,0.49,0.338,0.732
财务类因子,84,利息支出,44.62,0.69,0.11,0.47,0.602,0.364
财务类因子,85,利息收入,38.82,0.29,0.14,0.57,0.551,0.767
财务类因子,86,利润总额(亏损总额以“－”号填列),67.34,0.52,0.81,0.34,0.763,0.608
财务类因子,87,基本每股收益,33.11,0.69,0.82,0.28,0.219,0.289
财务类因子,88,委托客户资产管理业务净收入,-62.74,0.15,0.47,0.74,0.834,0.195
财务类因子,89,少数股东损益,46.54,0.45,0.53,0.47,0.467,0.826
财务类因子,90,已赚保费,16.36,0.03,0.32,0.89,0.955,0.617
财务类因子,91,归属于少数股东的综合收益总额,41.52,0.13,0.71,0.72,0.702,0.944
财务类因子,92,归属于母公司所有者(或股东)的净利润,61.18,0.04,0.42,0.67,0.403,0.544
财务类因子,93,归属于母公司所有者(或股东)的综合收益总额,54.93,0.32,0.31,0.88,0.565,0.157
财务类因子,94,影响净利润的调整项目,-2.26,0.89,0.78,0.97,0.373,0.232
财务类因子,95,影响营业利润的差错金额,0.03,0.31,0.7,0.47,0.779,0.239
财务类因子,96,所得税费用,150.25,0.18,0.13,0.03,0.375,0.554
财务类因子,97,手续费及佣金支出,11.94,0.66,0.87,0.24,0.451,0.867
财务类因子,98,手续费及佣金收入,14.62,0.28,0.73,0.06,0.821,0.759
财务类因子,99,投资收益(损失以“-”号填列),25.76,0.62,0.85,0.52,0.059,0.941
财务类因子,100,持续经营净利润,62.43,0.45,0.37,0.07,0.414,0.838
财务类因子,101,提取保险合同准备金净额,119.82,0.45,0.61,0.61,0.011,0.855
财务类因子,102,汇兑收益(损失以“-”号填列),-75.69,0.14,0.31,0.68,0.86,0.133
财务类因子,103,研发费用,28.31,0.66,0.43,0.96,0.13,0.107
财务类因子,104,稀释每股收益,32.31,0.12,0.27,0.8,0.549,0.558
财务类因子,105,税金及附加,64.58,0.48,0.65,0.41,0.07,0.545
财务类因子,106,管理费用,50.4,0.8,0.83,0.12,0.002,0.226
财务类因子,107,终止经营净利润,-61.33,0.88,0.36,0.76,0.29,0.654
财务类因子,108,综合收益总额,59.02,0.94,0.36,0.67,0.239,0.976
财务类因子,109,营业利润(亏损以“－”号填列),66.24,0.11,0.81,0.88,0.156,0.787
财务类因子,110,营业外支出,315.84,0.4,0.62,0.14,0.325,0.367
财务类因子,111,营业外收入,86.79,0.54,0.27,0.79,0.381,0.545
财务类因子,112,营业总成本,121.41,0.5,0.08,0.2,0.516,0.827
财务类因子,113,营业总成本的差错金额,1.2,0.66,0.12,0.36,0.648,0.254
财务类因子,114,营业总成本的调整项目,-0.75,0.04,0.96,0.74,0.419,0.054
财务类因子,115,营业总收入,109.75,0.53,0.52,0.52,0.582,0.717
财务类因子,116,营业成本,82.32,0.29,0.3,0.69,0.213,0.118
财务类因子,117,营业收入,93.75,0.2,0.48,0.48,0.718,0.185
财务类因子,118,营业收入的调整项目,-266.14,0.21,0.61,0.88,0.334,0.353
财务类因子,119,被合并方在合并前实现的净利润,0.07,0.01,0.41,0.45,0.934,0.707
财务类因子,120,证券承销业务净收入,-240.73,0.91,0.82,0.2,0.659,0.325
财务类因子,121,财务费用,17.41,0.07,0.13,0.12,0.324,0.716
财务类因子,122,资产减值损失（损失以“-”号填列）,9.88,0.59,0.31,0.99,0.036,0.48
财务类因子,123,资产处置收益（损失以“-”号填列）,20.81,0.29,0.48,0.83,0.429,0.473
财务类因子,124,赔付支出净额,10.26,0.54,0.96,0.12,0.299,0.907
财务类因子,125,退保金,-55.76,0.42,0.12,0.63,0.196,0.209
财务类因子,126,销售费用,37.71,0.77,0.95,0.22,0.568,0.973
财务类因子,127,应付票据及应付账款,126.13,0.42,0.95,0.53,0.539,0.85
财务类因子,128,应收票据及应收账款,87.1,0.17,0.16,0.13,0.697,0.358
财务类因子,129,预收保费,10.45,0.45,0.06,0.16,0.921,0.709
财务类因子,130,预收款项,465.62,0.66,0.89,0.26,0.151,0.946
财务类因子,131,以摊余成本计量的金融资产,0.63,0.98,0.99,0.48,0.457,0.867
财务类因子,132,资产的调整项目,-19.84,0.2,0.18,0.22,0.645,0.64
财务类因子,133,可供出售金融资产,0.67,0.67,0.64,0.67,0.712,0.686
财务类因子,134,应付债券,21.73,0.5,0.96,0.25,0.483,0.9
财务类因子,135,应付债券：永续债,115.06,0.79,0.98,0.69,0.597,0.064
财务类因子,136,应付债券：优先股,-34.33,0.5,0.01,0.84,0.681,0.359
财务类因子,137,拆入资金,15.57,0.63,0.83,0.66,0.688,0.28
财务类因子,138,向中央银行借款,15.57,0.17,0.28,0.11,0.015,0.516
财务类因子,139,代理买卖证券款,13.64,0.26,0.64,0.89,0.512,0.153
财务类因子,140,买入返售金融资产,6.97,0.64,0.13,0.42,0.725,0.007
财务类因子,141,存出资本保证金,10.45,0.94,1.0,0.79,0.498,0.631
财务类因子,142,资本公积,28.72,0.61,0.85,0.24,0.84,0.273
财务类因子,143,货币资金,59.01,0.08,0.94,0.14,0.668,0.419
财务类因子,144,在建工程(合计)：在建工程,40.5,0.42,0.25,0.12,0.445,0.792
财务类因子,145,在建工程(合计)：工程物资,18.65,0.7,0.79,0.85,0.091,0.945
财务类因子,146,在建工程(合计),38.82,0.8,0.18,0.32,0.432,0.103
财务类因子,147,合同资产,20.72,0.81,0.62,0.31,0.76,0.347
财务类因子,148,合同负债,92.99,0.26,0.42,0.84,0.486,0.536
财务类因子,149,流动负债的调整项目,0.41,0.37,0.35,0.29,0.334,0.005
财务类因子,150,流动资产的调整项目,-0.11,0.61,0.29,0.83,0.939,0.278
财务类因子,151,债权投资,7.41,0.81,0.33,0.67,0.501,0.362
财务类因子,152,递延收益,51.15,0.99,0.81,0.73,0.775,0.715
财务类因子,153,递延所得税资产,51.07,0.79,0.59,0.89,0.463,0.588
财务类因子,154,递延所得税负债,54.11,0.52,0.38,0.36,0.496,0.774
财务类因子,155,存出保证金,-179.59,0.64,0.13,0.95,0.681,0.885
财务类因子,156,吸收存款,5.98,0.09,0.39,0.68,0.88,0.436
财务类因子,157,衍生金融资产,21.39,0.49,0.59,0.07,0.49,0.633
财务类因子,158,衍生金融负债,99.69,0.49,0.82,0.78,0.482,0.792
财务类因子,159,应付职工薪酬,39.49,0.63,0.99,0.2,0.251,0.575
财务类因子,160,发放委托贷款及垫款,30.27,0.38,0.87,0.43,0.923,0.228
财务类因子,161,预计负债,30.14,0.73,0.2,0.01,0.906,0.671
财务类因子,162,以公允价值计量且其变动计入其他综合收益的金融资产,1.29,0.76,0.04,0.51,0.824,0.24
财务类因子,163,应付手续费及佣金,-55.64,0.55,0.62,0.23,0.837,0.144
财务类因子,164,固定资产(合计)：固定资产清理,21.33,0.95,0.67,0.52,0.151,0.902
财务类因子,165,固定资产(合计)：固定资产,64.44,0.04,0.57,0.03,0.242,0.376
财务类因子,166,固定资产(合计),64.14,0.93,0.33,0.51,0.044,0.428
财务类因子,167,一般风险准备,-6.64,0.56,0.31,0.63,0.185,0.205
财务类因子,168,商誉,14.48,0.64,0.23,0.68,0.422,0.857
财务类因子,169,持有待售资产,30.27,0.46,0.7,0.72,0.787,0.473
财务类因子,170,持有待售负债,4.09,0.78,0.95,0.56,0.684,0.892
财务类因子,171,持有至到期投资,0.46,0.02,0.41,0.72,0.539,0.525
财务类因子,172,无形资产,51.39,0.01,0.79,0.7,0.092,0.623
财务类因子,173,存放同业款项,-90.96,0.53,0.34,0.06,0.58,0.693
财务类因子,174,同业及其他金融机构存放款项,-24.99,0.28,0.36,0.9,0.362,0.334
财务类因子,175,存货,55.0,0.19,0.14,0.29,0.024,0.293
财务类因子,176,投资性房地产,32.21,0.14,0.81,0.61,0.289,0.646
财务类因子,177,租赁负债,33.22,0.44,0.59,0.28,0.808,0.911
财务类因子,178,拆出资金,-1.51,0.96,0.05,0.22,0.914,0.421
财务类因子,179,负债的调整项目,-187.77,0.27,0.02,0.06,0.519,0.681
财务类因子,180,长期借款,42.45,0.77,0.86,0.13,0.643,0.282
财务类因子,181,长期待摊费用,53.82,0.26,0.26,0.46,0.748,0.442
财务类因子,182,长期应付职工薪酬,16.45,0.12,0.88,0.88,0.223,0.634
财务类因子,183,长期股权投资,110.32,0.47,0.13,0.62,0.591,0.566
财务类因子,184,长期应付款(合计),27.35,0.54,0.51,0.12,0.323,0.826
财务类因子,185,长期应付款(合计)：长期应付款,8.13,0.29,0.59,0.38,0.445,0.089
财务类因子,186,长期应付款(合计)：专项应付款,126.48,0.67,0.6,0.83,0.112,0.204
财务类因子,187,长期应收款,13.33,0.32,0.83,0.13,0.407,0.326
财务类因子,188,一年内到期的非流动资产,11.21,0.18,0.06,0.18,0.635,0.681
财务类因子,189,非流动负债的调整项目,31.33,0.26,0.29,0.83,0.011,0.372
财务类因子,190,一年内到期的非流动负债,58.47,0.48,0.96,0.84,0.78,0.961
财务类因子,191,非流动资产的调整项目,0.36,0.99,0.49,0.41,0.342,0.906
财务类因子,192,油气资产,-1.46,0.03,0.5,0.05,0.249,0.023
财务类因子,193,其他资产,87.36,0.86,1.0,0.93,0.107,0.42
财务类因子,194,其他流动资产,55.12,0.87,0.19,0.7,0.635,0.982
财务类因子,195,其他流动负债,75.3,0.41,0.88,0.55,0.85,0.912
财务类因子,196,其他债权投资,14.56,0.71,0.04,0.78,0.632,0.758
财务类因子,197,其他权益工具：永续债,8.37,0.58,0.52,0.87,0.881,0.568
财务类因子,198,其他权益工具：优先股,82.91,0.52,0.03,0.81,0.469,0.457
财务类因子,199,其他权益工具,54.04,0.25,0.28,0.23,0.412,0.562
财务类因子,200,其他权益工具投资,76.13,0.62,0.15,0.43,0.054,0.883
财务类因子,201,其他负债,21.65,0.03,0.32,0.54,0.187,0.909
财务类因子,202,其他非流动资产,75.27,0.94,0.32,0.49,0.93,0.071
财务类因子,203,其他非流动金融资产,28.37,0.64,0.21,0.99,0.409,0.412
财务类因子,204,其他非流动负债,3.57,0.2,0.11,0.59,0.964,0.682
财务类因子,205,其他应付款(合计),113.42,0.49,0.02,0.63,0.911,0.33
财务类因子,206,其他应付款(合计)：应付股利,34.79,0.74,0.69,0.95,0.903,0.22
财务类因子,207,其他应付款(合计)：应付利息,55.23,0.5,0.58,0.14,0.474,0.552
财务类因子,208,其他应付款(合计)：其他应付款,41.83,0.23,0.2,0.64,0.664,0.998
财务类因子,209,其他应收款(合计),76.43,0.51,0.33,0.48,0.019,0.19
财务类因子,210,其他应收款(合计)：应收股利,11.65,0.93,0.15,0.36,0.675,0.709
财务类因子,211,其他应收款(合计)：应收利息,29.38,0.9,0.04,0.92,0.584,0.177
财务类因子,212,其他应收款(合计)：其他应收款,67.91,0.44,0.92,0.52,0.419,0.98
财务类因子,213,实收资本(或股本),50.72,0.98,0.05,0.24,0.881,0.595
财务类因子,214,应付票据及应付账款：应付账款,157.21,0.03,0.78,0.99,0.215,0.625
财务类因子,215,应付票据及应付账款：应付票据,66.86,0.43,0.53,0.75,0.817,0.029
财务类因子,216,贵金属,-63.46,0.93,0.17,0.88,0.865,0.595
财务类因子,217,预付款项,102.19,0.09,0.39,0.75,0.57,0.599
财务类因子,218,生产性生物资产,51.87,0.17,0.15,0.91,0.03,0.665
财务类因子,219,研发支出,13.01,0.76,0.92,0.99,0.626,0.609
财务类因子,220,应收保费,11.64,0.37,0.95,0.47,0.682,0.993
财务类因子,221,应收票据及应收账款：应收账款,78.34,0.67,0.33,0.95,0.708,0.213
财务类因子,222,应收票据及应收账款：应收款项融资,45.46,0.94,0.44,0.63,0.628,0.277
财务类因子,223,应收票据及应收账款：应收票据,44.44,0.63,0.3,0.66,0.403,0.28
财务类因子,224,应收分保合同准备金,28.9,0.61,0.35,0.28,0.357,0.203
财务类因子,225,应付分保账款,146.38,0.22,0.57,0.64,0.666,0.209
财务类因子,226,应收分保账款,11.64,0.51,0.6,0.74,0.975,0.577
财务类因子,227,使用权资产,67.55,0.03,0.17,0.99,0.922,0.598
财务类因子,228,卖出回购金融资产款,11.17,0.31,0.65,0.13,0.84,0.875
财务类因子,229,结算备付金,16.62,0.15,0.83,0.71,0.017,0.474
财务类因子,230,短期借款,56.15,0.6,0.08,0.57,0.498,0.632
财务类因子,231,专项储备,11.4,0.44,0.74,0.18,0.23,0.488
财务类因子,232,盈余公积,68.9,0.91,0.09,0.07,0.182,0.933
财务类因子,233,应交税费,48.84,0.9,0.19,0.83,0.137,0.04
财务类因子,234,定期存款,-9.72,0.04,0.69,0.63,0.765,0.456
财务类因子,235,资产总计,63.19,0.75,0.33,0.99,0.276,0.598
财务类因子,236,流动资产合计,58.3,0.56,0.55,0.9,0.759,0.379
财务类因子,237,流动负债合计,71.03,0.83,0.68,0.92,0.694,0.35
财务类因子,238,负债和所有者权益(或股东权益)总计,63.19,0.58,0.53,0.87,0.872,0.946
财务类因子,239,负债合计,55.6,0.54,0.43,0.31,0.034,0.412
财务类因子,240,非流动资产合计,58.27,0.36,0.69,0.65,0.549,0.598
财务类因子,241,非流动负债合计,70.71,0.73,0.64,0.34,0.473,0.394
财务类因子,242,所有者权益(或股东权益)合计,55.42,0.56,0.8,0.9,0.919,0.887
财务类因子,243,归属于母公司所有者权益合计,53.9,0.68,0.77,0.17,0.313,0.418
财务类因子,244,交易性金融资产,22.52,0.4,0.61,0.27,0.207,0.663
财务类因子,245,交易性金融负债,26.85,0.77,0.64,0.7,0.513,0.685
财务类因子,246,减:库存股,56.42,0.56,0.87,0.83,0.622,0.97
财务类因子,247,代理承销证券款,-23.65,0.53,0.89,0.1,0.78,0.305
财务类因子,248,未分配利润,62.62,0.83,0.2,0.46,0.887,0.864
质量类因子,1,产权比率,10.97,-20.41,0.0,0.0,0.278,0.019
质量类因子,2,债务总资产比,10.97,-20.41,0.0,0.0,0.25,0.397
质量类因子,3,净利润现金含量,5.15,-35.25,0.01,0.01,0.774,0.737
质量类因子,4,存货周转天数,-12.1,23.14,0.0,0.0,0.83,0.811
质量类因子,5,存货周转率,24.66,-9.76,0.0,0.0,0.044,0.212
质量类因子,6,应收账款周转天数,-4.6,23.98,0.01,0.0,0.794,0.749
质量类因子,7,应收账款周转率,24.06,-17.85,0.01,0.0,0.831,0.523
质量类因子,8,应收账款指数,16.27,2.82,0.01,0.0,0.848,0.925
质量类因子,9,总资产现金回收率,-1.76,-1.28,0.01,0.0,0.733,0.839
质量类因子,10,扣除非经常损益后的净利润与利润总额之比,3.43,11.42,0.01,0.01,0.47,0.232
质量类因子,11,有形净值债务率,13.9,-3.19,0.0,0.0,0.495,0.193
质量类因子,12,毛利率增长,12.18,-6.18,0.0,0.0,0.087,0.71
质量类因子,13,流动比率,-10.77,43.96,0.0,0.0,0.264,0.362
质量类因子,14,流动资产周转率TTM,28.44,-17.69,0.0,0.0,0.984,0.18
质量类因子,15,现金比率,11.25,-5.92,0.0,0.0,0.199,0.02
质量类因子,16,现金流动负债比,2.17,3.55,0.01,0.0,0.622,0.909
质量类因子,17,现金流资产比和资产回报率之差,11.43,-30.98,0.01,0.01,0.571,0.044
质量类因子,18,管理费用与营业总收入之比,-0.22,15.92,0.0,0.0,0.18,0.305
质量类因子,19,经营活动产生现金流量净额与净债务比率,35.23,-6.64,0.01,0.01,0.951,0.825
质量类因子,20,经营活动产生的现金流量净额与企业价值之比TTM,7.76,-15.82,0.01,0.02,0.926,0.74
质量类因子,21,经营活动产生的现金流量净额与经营活动净收益之比,5.17,-34.43,0.01,0.01,0.629,0.242
质量类因子,22,经营活动产生的现金流量净额与营业收入之比,-0.88,-29.44,0.01,0.0,0.044,0.014
质量类因子,23,经营活动产生的现金流量净额与负债合计比率,9.72,8.34,0.01,0.01,0.083,0.327
质量类因子,24,经营活动产生的现金流量净额增长率,-0.35,0.07,0.01,0.01,0.217,0.127
质量类因子,25,股东权益与固定资产比率,-6.44,-14.01,0.0,0.0,0.464,0.918
质量类因子,26,股东权益周转率,-90.93,-2.75,0.0,0.0,0.091,0.075
质量类因子,27,股东权益比率,-11.81,14.99,0.0,0.0,0.238,0.517
质量类因子,28,财务费用与营业总收入之比,16.49,0.63,0.0,0.0,0.647,0.134
质量类因子,29,销售净利率,2.91,-40.76,0.0,0.0,0.1,0.439
质量类因子,30,长期借款与资产总计之比,7.39,-6.81,0.01,0.0,0.038,0.296
质量类因子,31,长期负债与营运资金比率,-11.96,-2.51,0.0,0.0,0.17,0.658
质量类因子,32,长期负债与资产总计之比,20.15,-4.62,0.0,0.0,0.826,0.436
质量类因子,33,非流动资产比率,15.1,-366.08,0.0,0.0,0.835,0.153
风险/风格类因子,1,120日年化收益方差,-54.86,34.95,0.02,0.02,0.337,0.083
风险/风格类因子,2,20日年化收益方差,-35.82,34.97,0.09,0.08,0.358,0.743
风险/风格类因子,3,60日年化收益方差,-43.24,34.77,0.03,0.03,0.286,0.884
风险/风格类因子,4,个股收益的120日偏度,-19.59,11.81,0.03,0.04,0.113,0.478
风险/风格类因子,5,个股收益的120日峰度,-2.39,-7.6,0.05,0.03,0.486,0.36
风险/风格类因子,6,个股收益的20日偏度,-28.84,6.46,0.15,0.15,0.299,0.32
风险/风格类因子,7,个股收益的20日峰度,1.11,3.98,0.19,0.15,0.06,0.592
风险/风格类因子,8,个股收益的60日偏度,-11.29,10.57,0.06,0.06,0.438,0.53
风险/风格类因子,9,个股收益的60日峰度,-1.18,3.56,0.08,0.06,0.496,0.394
