,sz50,hs300,zz500,hs800,zz1000,hs1800,ALL
momentum_20,,,,,,,
reversal_5,,,,,,,
size_log_mcap,,,,,,,
ivol,0.0763263308949846,0.1715233655409291,0.3204316298078025,0.2703750494830562,0.5325018530843248,0.3805293725877352,
overnight_intraday,0.0741118955484678,0.2604911805476899,0.2631075490549436,0.2784778337542433,0.3415432438084034,0.3174364961253654,
overnight_gap,,,,,,,
limit_up_seal,,,,,,,
combo_equal_v1,,,,,,,
chip_cost_distance,,,,,,,
volume_expansion_speed,,,,,,,
avg_turnover_120d,,,,,,,
avg_turnover_10d,,,,,,,
avg_turnover_240d,,,,,,,
amount_std_20d,,,,,,,
avg_turnover_5d,,,,,,,
ema_5d,,,,,,,
ema_10d,,,,,,,
ema_12d,,,,,,,
ema_120d,,,,,,,
ma_5d,,,,,,,
amount_ma_20d,,,,,,,
money_flow_ma_20d,,,,,,,
bollinger_upper_20d,,,,,,,
inventory_turnover_days,,,,,,,
ar_turnover_days,,,,,,,
realized_skew_20d,,,,,,,
lower_shadow,,,,,,,
up_run_reversal,,,,,,,
volume_cv_20d,,,,,,,
amihud_illiquidity_20d,,,,,,,
vol_expansion_speed,,,,,,,
liquidity_improvement,,,,,,,
bottom_rebound,,,,,,,
momentum_12_1,,,,,,,
upper_shadow,,,,,,,
reverse_cross_60,,,,,,,
trend_smoothness_r2,,,,,,,
max5_return,,,,,,,
min3_return,,,,,,,
lowprice_volume_spike,,,,,,,
dispersion_agent,,,,,,,
idiosyncratic_share,,,,,,,
overnight_ratio_60d,,,,,,,
overnight_intraday_decomp,,,,,,,
idio_vol_ratio,,,,,,,
return_deviation_mkt,,,,,,,
overnight_gap_volexp_spread,,,,,,,
reversal_60d,,,,,,,
asymmetric_5d_reversal,,,,,,,
idio_tail_beta,,,,,,,
dual_filter_momentum,,,,,,,
rejoicing_regret,,,,,,,
excess_return_ir,,,,,,,
price_volume_divergence,,,,,,,
intraday_battle_intensity,,,,,,,
oversold_rebound_score,,,,,,,
beta_qvol_interact,,,,,,,
turnover_excess_group,,,,,,,
roe,,,,,,,
roa,,,,,,,
gross_margin,,,,,,,
net_margin,,,,,,,
asset_turnover,,,,,,,
operate_profit_margin,,,,,,,
financial_leverage,,,,,,,
cash_coverage,,,,,,,
accrual,,,,,,,
deduct_ratio,,,,,,,
ep,,,,,,,
revenue_yoy,,,,,,,
netprofit_yoy,,,,,,,
forecast_yoy,,,,,,,
forecast_kind,,,,,,,
forecast_ep,,,,,,,
sue,,,,,,,
drif,,,,,,,
value_bm,,,,,,,
delta_roe,,,,,,,
amount_rank_ma_breakout,,,,,,,
momentum_volume_shrink_pullback,,,,,,,
growth_convexity,,,,,,,
beta_market_60d,,,,,,,
inside_day_freq,,,,,,,
amihud_jump_share,,,,,,,
cashflow_update,,,,,,,
stage2_breakout,,,,,,,
simom,,,,,,,
pos_volume_shock,,,,,,,
kline_pattern_composite,,,,,,,
limitup_gene_pullback,,,,,,,
current_ratio,,,,,,,
quick_ratio,,,,,,,
rd_intensity,,,,,,,
