cluster_id,type,n_factors,max_abs_rho,members,recommended_action
C01,HARD,6,0.973,f0011a|f0012a|f0013a|f0017a|f0023a|f0024a,"硬重复(近1.0): 簇内只留1个, 其余标 redundant_alias"
C02,HARD,5,1.000,f0018a|f0019a|f0020a|f0021a|f0022a,"硬重复: 簇内只留1个(按IC最高), 其余标 redundant_alias 停用"
C03,HARD,4,0.977,f0060a|f0061a|f0063a|f0065a,"硬重复(近1.0): 簇内只留1个, 其余标 redundant_alias"
C04,SOFT,4,0.822,f0001a|f0002a|f0003a|f0077a,"软冗余: 全保留, 卡内标高冗余, 入模需正交化或择一"
C05,HARD,3,0.999,f0007a|f0047a|f0050a,"f0047a/f0050a 互为反向(ρ=-0.999): 留一即可, 另一标 redundant_alias"
C06,SOFT,3,0.946,f0006a|f0053a|f0088a,"软冗余: 全保留, 卡内标高冗余, 入模需正交化或择一"
C07,HARD,2,1.000,f0005a|f0026a,"硬重复: 簇内只留1个(按IC最高), 其余标 redundant_alias 停用"
C08,HARD,2,0.994,f0039a|f0040a,"硬重复: 簇内只留1个(按IC最高), 其余标 redundant_alias 停用"
C09,SOFT,2,0.922,f0049a|f0054a,"软冗余: 全保留, 卡内标高冗余, 入模需正交化或择一"
C10,SOFT,2,0.858,f0016a|f0030a,"软冗余: 全保留, 卡内标高冗余, 入模需正交化或择一"
C11,SOFT,2,0.858,f0035a|f0087a,"软冗余: 全保留, 卡内标高冗余, 入模需正交化或择一"
C12,SOFT,2,0.806,f0070a|f0075a,"软冗余: 全保留, 卡内标高冗余, 入模需正交化或择一"
C13,SOFT,2,0.748,f0073a|f0074a,经待决项③归档止损后此簇自然消失
C14,SOFT,2,0.716,f0058a|f0083a,"软冗余: 全保留, 卡内标高冗余, 入模需正交化或择一"
