date,raw_value,state
2015-01-05,,0
2015-01-06,0.018509203767716743,0
2015-01-07,-0.004031205092606224,0
2015-01-08,0.022406781130826527,0
2015-01-09,0.0051315246477467505,0
2015-01-12,-0.002628336758520561,0
2015-01-13,0.017470879284092893,0
2015-01-14,0.00338346525661362,0
2015-01-15,-0.019193979491446495,0
2015-01-16,-0.0007885475825186727,0
2015-01-19,0.048676315878991766,1
2015-01-20,0.024138939866766608,1
2015-01-21,-0.02078142004776693,1
2015-01-22,0.012126185809353218,1
2015-01-23,-0.004423492061128246,1
2015-01-26,0.007844071626585403,1
2015-01-27,0.018990716481203946,1
2015-01-28,0.01435373339395146,1
2015-01-29,0.008370907498558254,1
2015-01-30,0.007056987738255709,1
2015-02-02,0.02485165404256623,1
2015-02-03,-0.0027513642358695627,1
2015-02-04,0.0080382357784728,1
2015-02-05,0.010591583341513057,1
2015-02-06,0.0001724419340358059,1
2015-02-09,-0.015110183210882727,1
2015-02-10,-0.01344626772911494,1
2015-02-11,0.0054411987436102545,1
2015-02-12,0.010428579710191512,1
2015-02-13,0.010564895773788621,1
2015-02-16,0.016346586293334683,1
2015-02-17,0.001764582326749065,1
2015-02-25,0.004077349838693008,1
2015-02-26,-0.016604496161284503,1
2015-02-27,0.010798337695314693,1
2015-03-02,0.013684344084178481,1
2015-03-03,0.022588982810899702,1
2015-03-04,0.013673450417054596,1
2015-03-05,0.024617120841878313,1
2015-03-06,-0.01222302543671149,1
2015-03-09,-0.0012552071299430732,1
2015-03-10,0.016354936926618532,1
2015-03-11,0.004009245598431001,1
2015-03-12,-0.02518138450307735,1
2015-03-13,0.006473319475258152,1
2015-03-16,0.008179474761735799,1
2015-03-17,-0.0047011434129534055,1
2015-03-18,-0.004011202408011415,1
2015-03-19,0.0071822010398764425,1
2015-03-20,0.0032805491583469803,1
2015-03-23,0.005765482160879441,1
2015-03-24,-8.33702132942496e-07,1
2015-03-25,0.02988927737566931,1
2015-03-26,-0.011896529838678269,1
2015-03-27,0.006688249425711996,1
2015-03-30,-0.02374842971315875,1
2015-03-31,0.013099260851055524,1
2015-04-01,0.012028821514542619,1
2015-04-02,0.025982008370992772,1
2015-04-03,0.018810836246632892,1
2015-04-07,0.007559153886632291,1
2015-04-08,-0.012847090461170628,1
2015-04-09,0.007287674604452747,1
2015-04-10,0.007085281831744231,1
2015-04-13,0.007369398610983645,1
2015-04-14,-0.006138021582361821,1
2015-04-15,-0.020551510436273998,1
2015-04-16,-0.016595920439982835,1
2015-04-17,-0.021330255847438723,1
2015-04-20,-0.011201683078237566,1
2015-04-21,0.019846001564176593,1
2015-04-22,-0.0014101570845974735,1
2015-04-23,0.008319675088487292,1
2015-04-24,0.00822708442577874,1
2015-04-27,-0.015733305906732324,1
2015-04-28,-0.017755891798809535,1
2015-04-29,0.023985495386878095,1
2015-04-30,0.007686740027879581,1
2015-05-04,0.005604706946854318,0
2015-05-05,0.020474297783476605,0
2015-05-06,0.005259437181419621,0
2015-05-07,0.00456870606753515,1
2015-05-08,0.024955201800337785,1
2015-05-11,0.01754778628261946,1
2015-05-12,0.009584315338991425,1
2015-05-13,0.021010271918683023,1
2015-05-14,0.016116014468805655,1
2015-05-15,0.016691529613426025,1
2015-05-18,0.04483051372304961,1
2015-05-19,-0.012063714260405468,1
2015-05-20,0.01835640426980511,1
2015-05-21,0.022285202072833132,1
2015-05-22,-0.009242274304240718,1
2015-05-25,-0.002464176707566011,1
2015-05-26,0.028912850564479,1
2015-05-27,0.03142556250799094,1
2015-05-28,0.009476839829226091,1
2015-05-29,0.016996755842810535,1
2015-06-01,0.0010585083808902912,1
2015-06-02,0.024503086898768067,1
2015-06-03,0.010390454481924076,1
2015-06-04,-0.006876530540961035,1
2015-06-05,0.008710494141795096,1
2015-06-08,-0.036597586036382745,1
2015-06-09,0.010358253852431939,1
2015-06-10,0.029584172851777477,1
2015-06-11,0.03169900772029329,1
2015-06-12,0.011406730794114441,1
2015-06-15,-0.0033948483933952597,1
2015-06-16,-0.005473280620252138,1
2015-06-17,0.004785082925926037,1
2015-06-18,0.0017154106682075038,1
2015-06-19,-0.00965575365902055,1
2015-06-23,-0.017073610039071256,1
2015-06-24,0.0017989183693754261,1
2015-06-25,-0.005617598957400383,1
2015-06-26,-0.00618618048573874,1
2015-06-29,-0.045476533605579496,0
2015-06-30,-0.013804508116826486,0
2015-07-01,-0.010501857255384044,0
2015-07-02,-0.024623544709827146,0
2015-07-03,0.0004198241590442353,0
2015-07-06,-0.0640913957374036,0
2015-07-07,-0.04224994672755922,0
2015-07-08,0.039978158596518036,0
2015-07-09,-0.02654167059930654,0
2015-07-10,-0.01206199341265303,0
2015-07-13,0.02856394344621572,0
2015-07-14,0.07290032317294011,0
2015-07-15,-0.01877954551565008,0
2015-07-16,0.003294120312451866,0
2015-07-17,0.028667979508802753,0
2015-07-20,0.023375713300035485,0
2015-07-21,0.018511483145133043,0
2015-07-22,0.01742387378266016,0
2015-07-23,0.025893791684860477,0
2015-07-24,0.004509016587629245,1
2015-07-27,0.008030533964072217,1
2015-07-28,-0.03993011912772494,1
2015-07-29,0.021298794971736562,1
2015-07-30,-0.0006301171751880857,1
2015-07-31,-0.013335366145883256,1
2015-08-03,-0.047905935593872656,1
2015-08-04,0.03292214329645423,1
2015-08-05,0.021050369111988772,1
2015-08-06,0.010090201297110147,1
2015-08-07,0.017165768849202873,1
2015-08-10,0.005744712540842134,1
2015-08-11,0.019491383955577937,1
2015-08-12,-0.0019769824283993095,1
2015-08-13,0.01727718374586347,1
2015-08-14,0.009546266170992919,1
2015-08-17,0.007522586679922052,1
2015-08-18,-0.01833250321286782,1
2015-08-19,0.005014292688516386,1
2015-08-20,-0.0017735569650720318,1
2015-08-21,-0.011189558676601652,1
2015-08-24,0.0011040689586165886,1
2015-08-25,-0.0034860122192378468,1
2015-08-26,-0.012916749541061083,1
2015-08-27,-0.017831803576305177,1
2015-08-28,0.018886959819926767,1
2015-08-31,-0.05707095619094864,1
2015-09-01,-0.07575448421766935,0
2015-09-02,-0.04015728171160762,0
2015-09-07,0.06385544320917429,0
2015-09-08,0.03540530990447644,0
2015-09-09,0.028694144493875435,0
2015-09-10,-0.003344262482425052,0
2015-09-11,0.016071188739872535,0
2015-09-14,-0.061364456092867475,0
2015-09-15,-0.015871276369611803,0
2015-09-16,0.025616342903796413,0
2015-09-17,0.008797043528384636,0
2015-09-18,0.016383325152029553,0
2015-09-21,0.029029122775129722,0
2015-09-22,0.0012325463214362623,0
2015-09-23,0.021919736373803178,0
2015-09-24,0.010567156358800681,0
2015-09-25,-0.019620275638946933,0
2015-09-28,0.025883899364456196,1
2015-09-29,0.0034778628056272957,1
2015-09-30,-0.001997472580032163,1
2015-10-08,0.017007732649412896,1
2015-10-09,0.011376835626416403,1
2015-10-12,0.013923562267713914,1
2015-10-13,0.02075807440874738,1
2015-10-14,-0.0018420380898441502,1
2015-10-15,0.012152356273922107,1
2015-10-16,0.0003695536215165829,1
2015-10-19,0.0004988668492812783,1
2015-10-20,0.007552035213145729,1
2015-10-21,-0.03605712227678817,1
2015-10-22,0.020340851367886804,1
2015-10-23,0.021471098157915917,1
2015-10-26,0.004745264011488561,1
2015-10-27,0.010391376990954635,1
2015-10-28,0.009061886261556639,1
2015-10-29,0.01233351340448004,1
2015-10-30,0.004862059068597504,1
2015-11-02,0.01018098181133143,1
2015-11-03,0.01014112344424077,1
2015-11-04,0.004413573715926759,1
2015-11-05,-0.023685133295574343,1
2015-11-06,0.009322300946903499,1
2015-11-09,0.008559685078397987,1
2015-11-10,0.015301681148419803,1
2015-11-11,0.02058888057566207,1
2015-11-12,0.018917426064296094,1
2015-11-13,-0.0198471181355261,1
2015-11-16,0.02210426676586184,1
2015-11-17,-0.007558324823983692,1
2015-11-18,-0.003795129900462409,1
2015-11-19,0.021849927371066485,1
2015-11-20,0.02055767470809123,1
2015-11-23,-0.0020444837473368085,1
2015-11-24,0.024233359250744668,1
2015-11-25,0.014206316560086675,1
2015-11-26,7.616888384968587e-05,1
2015-11-27,-0.004068887973011692,1
2015-11-30,0.011822449493896475,1
2015-12-01,-0.010460403028478468,1
2015-12-02,-0.04597592756475968,1
2015-12-03,0.026459975885119377,1
2015-12-04,0.020448010664634475,1
2015-12-07,0.011893703768167618,1
2015-12-08,0.003400658828294694,1
2015-12-09,-0.01084267463426149,1
2015-12-10,-0.002021922956705495,1
2015-12-11,-0.0008723084571302438,1
2015-12-14,-0.00376766218425233,1
2015-12-15,0.020208355483391494,1
2015-12-16,0.01372619602968022,1
2015-12-17,0.0105812427886002,1
2015-12-18,-0.00767972819143597,1
2015-12-21,-0.015002018413169763,1
2015-12-22,0.00988399730872776,1
2015-12-23,-0.006635955569498124,1
2015-12-24,0.017862791796963262,1
2015-12-25,0.0077989810171991076,1
2015-12-28,0.006137672463003462,1
2015-12-29,0.005639391768958377,1
2015-12-30,0.010033513880387604,1
2015-12-31,-0.01261722885154635,1
2016-01-04,-0.01290505622996753,1
2016-01-05,-0.01986188228489767,1
2016-01-06,0.01292765593891268,1
2016-01-07,-0.01253797381787601,1
2016-01-08,-0.012637642393485296,1
2016-01-11,-0.018042138344841904,0
2016-01-12,-0.0032551404449504325,0
2016-01-13,-0.01970519730243738,0
2016-01-14,0.022861545697667504,0
2016-01-15,-0.005244158174010867,0
2016-01-18,0.01844441832514599,0
2016-01-19,0.009481812712286077,0
2016-01-20,0.0039329137205731945,0
2016-01-21,-0.01331368885900415,0
2016-01-22,0.011787376510770494,0
2016-01-25,0.0056551717270885895,0
2016-01-26,-0.011498893066958588,0
2016-01-27,-0.001474506415866969,0
2016-01-28,-0.02159826092151855,0
2016-01-29,0.005695392620525007,0
2016-02-01,0.001944238612595954,0
2016-02-02,0.017452296459832154,0
2016-02-03,0.009600669977003836,0
2016-02-04,0.012612550723930487,1
2016-02-05,0.001976153686028408,1
2016-02-15,0.0059718354991018865,1
2016-02-16,0.0118507850228416,1
2016-02-17,0.002966450823949437,1
2016-02-18,0.007944319104909255,1
2016-02-19,0.00465323321310963,1
2016-02-22,0.002790476468768177,1
2016-02-23,0.00854639477960796,1
2016-02-24,-0.00544765512700314,1
2016-02-25,-0.015887902511061855,1
2016-02-26,-0.008427507087404928,1
2016-02-29,-0.02722530590720417,1
2016-03-01,0.005891142356280226,1
2016-03-02,0.003942747512043175,1
2016-03-03,-0.0016503157236793346,1
2016-03-04,-0.03988625724201107,0
2016-03-07,0.02456571026980632,1
2016-03-08,0.012756498002992393,1
2016-03-09,-0.012463471693755643,0
2016-03-10,0.007117464093726133,0
2016-03-11,-0.002408966190234734,0
2016-03-14,0.02403233862509977,1
2016-03-15,-0.005944652125542026,0
2016-03-16,-0.013138842527927285,0
2016-03-17,0.024708370391746753,0
2016-03-18,0.022552032716074286,1
2016-03-21,0.000871844064480605,1
2016-03-22,0.007991862708509942,1
2016-03-23,0.008647449459312635,1
2016-03-24,0.0035774884590777517,1
2016-03-25,0.002734154960413469,1
2016-03-28,0.0019463093250228656,1
2016-03-29,-0.01179874636716613,1
2016-03-30,0.013876463079007133,1
2016-03-31,0.0043787056504672245,1
2016-04-01,-0.00200135347710308,1
2016-04-05,0.017599919577634123,1
2016-04-06,0.009343879126237242,1
2016-04-07,-0.0011504901036220386,1
2016-04-08,0.003332362504267118,1
2016-04-11,0.008266988540753115,1
2016-04-12,-0.006389125633698091,1
2016-04-13,0.0002573552771271692,1
2016-04-14,0.013478121107919433,1
2016-04-15,0.0031336922498242954,1
2016-04-18,0.002237672655700903,1
2016-04-19,-0.002005281162039477,1
2016-04-20,-0.02735470835901798,1
2016-04-21,3.5182659744417005e-05,1
2016-04-22,0.005064283634706427,1
2016-04-25,0.0006580535165530742,1
2016-04-26,0.008404669098676695,1
2016-04-27,0.0029549902637870306,1
2016-04-28,-0.0007842005444535466,1
2016-04-29,-0.0008630048163366017,1
2016-05-03,0.012124141137316528,1
2016-05-04,0.005380976895804171,1
2016-05-05,0.011248740414973903,1
2016-05-06,-0.009874541524693924,1
2016-05-09,-0.015268061168759759,1
2016-05-10,-0.004877996009065585,0
2016-05-11,-0.014816011029027638,0
2016-05-12,-0.002169332080444754,0
2016-05-13,0.006816267750811769,0
2016-05-16,0.013519787826341492,0
2016-05-17,0.004133621964793999,0
2016-05-18,-0.02294372128140852,0
2016-05-19,0.010144496089967115,1
2016-05-20,0.009414211706992765,1
2016-05-23,0.015896082528454474,1
2016-05-24,-0.0030951847024573657,1
2016-05-25,-0.0012335289969905832,1
2016-05-26,0.006186370458986392,1
2016-05-27,0.0028669347755538787,1
2016-05-30,-0.001373019764459069,1
2016-05-31,0.005089406126285549,1
2016-06-01,0.014556663933353434,1
2016-06-02,0.012512967705070863,1
2016-06-03,-0.0009376337677032623,1
2016-06-06,0.0054438366747644115,1
2016-06-07,0.009930752785754761,1
2016-06-08,0.005074493726859762,1
2016-06-13,-0.014506667243573183,1
2016-06-14,-0.0002732367800995926,1
2016-06-15,0.025919748923045355,1
2016-06-16,0.015076588791522887,1
2016-06-17,0.00698817688585629,1
2016-06-20,0.012819430556963638,1
2016-06-21,-0.00601873399207081,1
2016-06-22,0.006488346284333495,1
2016-06-23,0.001000704305696428,1
2016-06-24,0.003630957879859424,1
2016-06-27,0.015868665384059764,1
2016-06-28,0.009307705137599867,1
2016-06-29,-0.0005402249983632104,1
2016-06-30,-0.002405350973278268,1
2016-07-01,-0.0009000604792796526,1
2016-07-04,-0.000792722183591877,1
2016-07-05,0.0037437361240904954,1
2016-07-06,-0.0018471672940701287,1
2016-07-07,0.007754713750651674,1
2016-07-08,0.002183936664035321,1
2016-07-11,-0.009186020910993832,1
2016-07-12,-0.010621105879443742,1
2016-07-13,0.004862869093024059,1
2016-07-14,0.004771300784870117,1
2016-07-15,-0.003274140080577687,1
2016-07-18,-9.569271199189044e-06,1
2016-07-19,0.009890999912157057,1
2016-07-20,0.0071800314576642935,1
2016-07-21,-0.0029927595379422418,1
2016-07-22,-0.0008997818421903787,1
2016-07-25,0.002166055722697988,1
2016-07-26,-5.045865323505781e-05,1
2016-07-27,-0.03335561279567398,0
2016-07-28,-0.0045753199528125585,0
2016-07-29,-0.00019687926545503345,0
2016-08-01,-0.005646866014966332,0
2016-08-02,0.0049109763678536695,0
2016-08-03,0.007632868290424122,0
2016-08-04,0.005663163945417799,0
2016-08-05,-0.004449446517562987,0
2016-08-08,0.0008079034204852356,0
2016-08-09,0.004980952568505073,0
2016-08-10,0.0029080330297879013,0
2016-08-11,-0.010052967873352522,0
2016-08-12,-0.005635572648349223,0
2016-08-15,-0.007260417541678454,0
2016-08-16,0.013141136477399597,0
2016-08-17,0.006881460574237301,0
2016-08-18,-0.000379859860881297,0
2016-08-19,0.003046314785331848,0
2016-08-22,-0.0018601765581897408,0
2016-08-23,0.0011264405205209313,0
2016-08-24,0.007943757754279869,1
2016-08-25,0.0023565264344970792,1
2016-08-26,0.006972527873447836,1
2016-08-29,0.0025498443316082173,1
2016-08-30,-0.0015249426576195205,1
2016-08-31,-0.002494701966077592,1
2016-09-01,0.0017519300721080796,1
2016-09-02,-0.006479685481175964,1
2016-09-05,0.004158126920841523,1
2016-09-06,0.009656734986664308,1
2016-09-07,0.0012212366605466158,1
2016-09-08,0.006016425013265261,1
2016-09-09,0.0012292983984895992,1
2016-09-12,-0.013424940693802671,1
2016-09-13,0.010019402322128324,1
2016-09-14,0.005005444327325058,1
2016-09-19,0.006740240581046669,1
2016-09-20,0.003613152899065402,1
2016-09-21,0.003276792525644333,1
2016-09-22,-0.0005375155249142081,1
2016-09-23,0.00022787811518277298,1
2016-09-26,-0.005031453861360571,1
2016-09-27,0.0027264269524361322,1
2016-09-28,0.0016030993175655925,1
2016-09-29,-0.003913781787150262,1
2016-09-30,0.002222085638991959,1
2016-10-10,0.013054985564273607,1
2016-10-11,0.006071281073837882,1
2016-10-12,0.007110762969141193,1
2016-10-13,0.0006794874917265895,1
2016-10-14,4.9544348032059334e-05,1
2016-10-17,0.006193898639231568,1
2016-10-18,0.00382194587072179,1
2016-10-19,0.004118521504498341,1
2016-10-20,0.004085759118099098,1
2016-10-21,-0.008747692785556569,1
2016-10-24,-0.003755929706103176,1
2016-10-25,0.00440045471789647,1
2016-10-26,0.0003268178480394079,1
2016-10-27,0.0061604374704057885,1
2016-10-28,-0.003224018740671792,1
2016-10-31,0.008811793157927513,1
2016-11-01,0.007705030142437119,1
2016-11-02,0.0034229081026845897,1
2016-11-03,-0.0026485593760841968,1
2016-11-04,0.0031230791055028633,1
2016-11-07,-8.540206970303332e-06,1
2016-11-08,0.003378712522100152,1
2016-11-09,-0.0004647661935693551,1
2016-11-10,0.009724554062696136,1
2016-11-11,-0.0075773863367501765,1
2016-11-14,-0.001371039694108317,1
2016-11-15,0.004512426733584302,1
2016-11-16,0.0006805897965895941,1
2016-11-17,-0.00842464525651963,1
2016-11-18,0.007078304216495903,1
2016-11-21,-0.0009496312745617078,1
2016-11-22,0.004343619520439301,1
2016-11-23,-0.0030131716416944947,1
2016-11-24,-0.008244232328627104,1
2016-11-25,-0.005300761139242619,1
2016-11-28,-0.008670758838585074,0
2016-11-29,-0.021337122272580437,0
2016-11-30,0.007406564441816996,0
2016-12-01,-0.0020925862362516385,0
2016-12-02,-0.005907489649285228,0
2016-12-05,0.014942575682955104,0
2016-12-06,0.009089181775033248,0
2016-12-07,0.009027067283444802,0
2016-12-08,-0.0019139892503697827,0
2016-12-09,-0.00823506415112285,0
2016-12-12,-0.025286570295331157,0
2016-12-13,0.0034639000210555876,0
2016-12-14,0.0002490697413860977,0
2016-12-15,0.023274864092670808,0
2016-12-16,0.008797045403744264,0
2016-12-19,0.002767950846344145,0
2016-12-20,0.005988696221893564,0
2016-12-21,-0.0040219096597416785,0
2016-12-22,0.001069144102784757,1
2016-12-23,-0.004253231706724368,1
2016-12-26,0.0008580645431376412,1
2016-12-27,0.0027248980865486475,1
2016-12-28,0.0016282948174557135,1
2016-12-29,0.0004846344161547484,1
2016-12-30,0.0027255044876096646,1
2017-01-03,-0.0006309467745648865,1
2017-01-04,0.007041202807636606,1
2017-01-05,-5.2664590714380306e-05,1
2017-01-06,-0.0032491279851957775,1
2017-01-09,-0.0005134045841582897,1
2017-01-10,-0.002054161555120213,1
2017-01-11,-0.004154739967147155,1
2017-01-12,-0.002919840193582229,1
2017-01-13,-0.019809351473735214,0
2017-01-16,-0.03710247022178462,0
2017-01-17,0.012865214528048188,0
2017-01-18,-0.01371160938804667,0
2017-01-19,0.0007432797342270467,0
2017-01-20,0.011766227654426245,0
2017-01-23,0.008913421902815691,0
2017-01-24,-0.003031513602855079,0
2017-01-25,0.006094935694297846,0
2017-01-26,0.002929926176519942,0
2017-02-03,0.0002754958047825693,0
2017-02-06,0.010776147936163227,0
2017-02-07,-0.0009694759743737013,0
2017-02-08,0.005777598877446331,0
2017-02-09,0.008336360252469676,0
2017-02-10,-0.008957062093896599,0
2017-02-13,0.0014761573503883942,0
2017-02-14,-0.0017785372855122837,0
2017-02-15,-0.0023595324729032722,0
2017-02-16,-0.0012538064243281565,0
2017-02-17,-0.0014248984148752825,0
2017-02-20,-0.007525229098279686,1
2017-02-21,0.006891361809772036,1
2017-02-22,0.0039379606961187094,1
2017-02-23,0.012385464188191968,1
2017-02-24,0.011044641569888028,1
2017-02-27,0.006185519943436031,1
2017-02-28,0.00527184122739252,1
2017-03-01,0.0007512944130988403,1
2017-03-02,0.0040313772220491794,1
2017-03-03,0.010754554158654537,1
2017-03-06,0.01165918147374735,1
2017-03-07,0.005074339989404501,1
2017-03-08,0.0006454623300592959,1
2017-03-09,0.0033075982989141817,1
2017-03-10,0.0031756685444459592,1
2017-03-13,0.00489884333255256,1
2017-03-14,-9.450785524427543e-05,1
2017-03-15,0.0008981199125840094,1
2017-03-16,0.011363193283987737,1
2017-03-17,0.00020463204006704316,1
2017-03-20,0.004370612574570755,1
2017-03-21,-0.0006208391478840754,1
2017-03-22,0.0020529227123646824,1
2017-03-23,0.001567089344808599,1
2017-03-24,-0.003137372308243916,1
2017-03-27,0.006638545464195978,1
2017-03-28,0.00163281200380119,1
2017-03-29,-0.010054315759157606,1
2017-03-30,-0.015356462794613137,1
2017-03-31,-0.0024433829891752196,1
2017-04-05,0.004727205273437804,1
2017-04-06,0.0018524471746183073,1
2017-04-07,-0.003486269788442846,1
2017-04-10,-0.015818140689190928,0
2017-04-11,0.004262406074777254,0
2017-04-12,-0.009550929851994568,0
2017-04-13,0.002339387032913865,0
2017-04-14,-0.007901030586661044,0
2017-04-17,-0.013581677790876111,0
2017-04-18,-0.005698116681403338,0
2017-04-19,0.004445891396444012,0
2017-04-20,-0.008845336448238227,0
2017-04-21,-0.004991812130607692,0
2017-04-24,-0.017121254569072673,0
2017-04-25,0.003523462957306348,0
2017-04-26,0.005198690335537936,0
2017-04-27,0.013319568860986264,0
2017-04-28,0.009505537684720053,0
2017-05-02,0.00424320063407894,0
2017-05-03,0.007904516389898334,0
2017-05-04,-0.003148547174655681,0
2017-05-05,-0.006090622207386055,0
2017-05-08,-0.015476999389206166,0
2017-05-09,0.014179288001359038,0
2017-05-10,-0.00478713034943541,0
2017-05-11,-0.009804837193011907,0
2017-05-12,-0.0075523487215246,0
2017-05-15,-0.007862249876878518,0
2017-05-16,0.012778285124169331,0
2017-05-17,0.01127806633373589,1
2017-05-18,-0.002188763622096108,0
2017-05-19,-0.002499487584104817,1
2017-05-22,-0.026681276208086156,0
2017-05-23,-0.034304617578060574,0
2017-05-24,0.006044405465085402,0
2017-05-25,-0.007220872905016058,0
2017-05-26,0.002684632893675224,0
2017-05-31,-0.005759987625253278,0
2017-06-01,-0.03535020946639558,0
2017-06-02,0.016336614880014852,0
2017-06-05,0.014145442514124253,0
2017-06-06,-0.0018868667918612888,0
2017-06-07,0.01387709496165258,0
2017-06-08,-0.006716373776610052,0
2017-06-09,-0.0025407605824892144,0
2017-06-12,-0.01766948811512025,0
2017-06-13,0.015034262590430426,0
2017-06-14,0.011406304485886082,0
2017-06-15,0.01771792161581391,0
2017-06-16,0.0008088137372806313,0
2017-06-19,0.002263809241618916,0
2017-06-20,0.004448034116143501,0
2017-06-21,-0.012368384104034295,0
2017-06-22,-0.013832032965092415,1
2017-06-23,-0.006210802900659753,0
2017-06-26,-0.0015176103214267905,0
2017-06-27,0.001285409074213806,0
2017-06-28,-0.003006131604423961,0
2017-06-29,0.0030454645935132432,1
2017-06-30,0.0049263392518444915,1
2017-07-03,0.01671025815481454,1
2017-07-04,0.006087394387628417,1
2017-07-05,-0.001425173086343946,1
2017-07-06,0.0026616371347664564,1
2017-07-07,0.006066728485654431,1
2017-07-10,-0.008506755259029617,1
2017-07-11,-0.01708308664226585,1
2017-07-12,0.003837531715105487,1
2017-07-13,-0.007158972623886987,0
2017-07-14,-0.009896762359268934,0
2017-07-17,-0.044584252932343776,0
2017-07-18,0.006553192844481336,0
2017-07-19,-0.007933247959592288,0
2017-07-20,-0.0006972650595835983,0
2017-07-21,0.0005079934088697254,0
2017-07-24,0.006455480918831842,0
2017-07-25,0.006093900152427375,0
2017-07-26,0.002526218405080479,0
2017-07-27,0.018232564238886934,0
2017-07-28,-0.006620842938160919,0
2017-07-31,-0.0031024656705623483,0
2017-08-01,-0.001294474968347606,0
2017-08-02,-0.008758372378204987,0
2017-08-03,0.009360468861067759,0
2017-08-04,0.0008246843107249466,0
2017-08-07,0.0014404155329760908,0
2017-08-08,-0.001431734208658514,0
2017-08-09,-0.0006855608520087333,0
2017-08-10,-0.004524979289086161,0
2017-08-11,0.006675985080187154,0
2017-08-14,0.009018410493732854,1
2017-08-15,0.0025114095764601973,1
2017-08-16,0.016094481677614215,1
2017-08-17,-0.0006449347733581516,1
2017-08-18,0.00014166849344619597,1
2017-08-21,0.0062108801487629674,1
2017-08-22,-0.004564395888344353,1
2017-08-23,0.0002993295269020451,1
2017-08-24,0.0016505958797533781,1
2017-08-25,-0.0009702337305667382,1
2017-08-28,0.004356880454039775,1
2017-08-29,0.0017089331309351429,1
2017-08-30,-0.00036144354983104,1
2017-08-31,0.012379684610399348,1
2017-09-01,0.003405164893488524,1
2017-09-04,0.0030249534407642198,1
2017-09-05,0.0025927337372793954,1
2017-09-06,0.008515266680121506,1
2017-09-07,0.005232332621052988,1
2017-09-08,-0.0010833706614051682,1
2017-09-11,0.008717184833048808,1
2017-09-12,-0.00811898327298122,1
2017-09-13,0.0018319580629999168,1
2017-09-14,0.004634738001828027,1
2017-09-15,0.0014880015697797038,1
2017-09-18,0.007747790224495163,1
2017-09-19,0.0071010979947276915,1
2017-09-20,0.008967176200123595,1
2017-09-21,-0.004990666258484188,1
2017-09-22,-0.0014382596650686355,1
2017-09-25,-0.009946803184657762,1
2017-09-26,-0.00593869958538938,1
2017-09-27,0.011374047787544838,1
2017-09-28,-0.0009445383215154353,1
2017-09-29,0.005438910205638916,1
2017-10-09,0.0030467669634385384,1
2017-10-10,0.011265276943122121,1
2017-10-11,-0.004023505780367793,1
2017-10-12,-0.0024766473809494038,1
2017-10-13,0.0018188052100454502,1
2017-10-16,-0.022438911599012554,1
2017-10-17,0.003338888529950546,1
2017-10-18,-0.014442175346614234,0
2017-10-19,-0.005020538654353191,0
2017-10-20,0.011442907131964863,0
2017-10-23,0.003735687113509241,0
2017-10-24,-0.012518875309338356,0
2017-10-25,0.007105387128915222,0
2017-10-26,0.0035506202174861276,0
2017-10-27,-0.006531747438668703,0
2017-10-30,-0.021618275129793234,0
2017-10-31,0.012193713290595135,0
2017-11-01,0.01086460066109535,0
2017-11-02,-0.006091757088302355,0
2017-11-03,-9.06744953617848e-05,0
2017-11-06,0.006518316309116283,0
2017-11-07,0.004303524709885912,0
2017-11-08,0.004855930872295986,0
2017-11-09,0.006168556331329129,0
2017-11-10,0.0022494391545942087,0
2017-11-13,0.005124249617975809,1
2017-11-14,0.0034628611284983598,1
2017-11-15,-0.0006027840739535328,1
2017-11-16,-0.005769246230775443,1
2017-11-17,-0.041291617894016655,0
2017-11-20,-0.0014141831468115137,0
2017-11-21,-0.010827800798042443,0
2017-11-22,1.124338468388433e-05,0
2017-11-23,0.0036913351872060497,0
2017-11-24,-0.0038469701703181336,0
2017-11-27,-0.0024457136778114653,0
2017-11-28,0.012674548729125601,0
2017-11-29,-0.0029414527006013176,0
2017-11-30,0.005648489691660569,0
2017-12-01,0.007450515427536317,0
2017-12-04,-0.027304310790290578,0
2017-12-05,-0.027967534282114258,0
2017-12-06,0.01771263122892861,0
2017-12-07,0.010728132995443534,0
2017-12-08,0.00945210426987976,0
2017-12-11,-0.0028136414220106057,0
2017-12-12,0.0003283073035941844,0
2017-12-13,0.002607238716037954,0
2017-12-14,0.008041759864746326,0
2017-12-15,0.005259985976946817,1
2017-12-18,-0.006875956544287396,0
2017-12-19,-0.0029679541750658274,1
2017-12-20,-0.006704581117634124,0
2017-12-21,-0.003260437651691257,0
2017-12-22,0.0014146847802403142,0
2017-12-25,-0.007481595147847657,0
2017-12-26,0.008500870415694283,0
2017-12-27,0.006467280624184987,0
2017-12-28,-0.0013444935936950926,0
2017-12-29,0.005723068691171307,0
2018-01-02,-0.0038455961325210633,1
2018-01-03,-0.0009145483156653518,1
2018-01-04,-0.0011741876528453292,1
2018-01-05,-0.002200610434595437,1
2018-01-08,-0.007647118104589729,0
2018-01-09,-0.004888666810930975,0
2018-01-10,-0.007909483753520855,0
2018-01-11,0.008580556690648184,0
2018-01-12,-0.012202461568609555,0
2018-01-15,-0.023384575317420282,0
2018-01-16,-0.002297461863867427,0
2018-01-17,0.009344950230429422,0
2018-01-18,-0.010349821049710677,0
2018-01-19,-0.0042346824484312895,0
2018-01-22,-0.005191282585961023,0
2018-01-23,-0.005829472233786435,0
2018-01-24,0.007741307746452982,0
2018-01-25,0.0017212952518751538,0
2018-01-26,-0.008881558355616031,0
2018-01-29,-0.0033331245131573393,0
2018-01-30,0.004420148013771831,0
2018-01-31,-0.02592622941500508,0
2018-02-01,-0.027224826845665656,0
2018-02-02,-0.017672453279876203,0
2018-02-05,-0.009379197529551166,0
2018-02-06,-0.02245990759586322,0
2018-02-07,0.027056593918001796,0
2018-02-08,0.026632480331585315,0
2018-02-09,0.016119930615077518,0
2018-02-12,0.015442179836391342,0
2018-02-13,-0.009564815720285145,0
2018-02-14,-0.007645446338648257,0
2018-02-22,-0.00573129532942078,0
2018-02-23,0.0005296543094189437,0
2018-02-26,0.015272203075855646,0
2018-02-27,0.019984797302695142,0
2018-02-28,0.006982121510505218,0
2018-03-01,0.011063264719510406,1
2018-03-02,0.0038000016250406042,1
2018-03-05,0.01627726428811388,1
2018-03-06,-0.00038293179871274827,1
2018-03-07,0.004569261493502965,1
2018-03-08,-0.002832867494293628,1
2018-03-09,0.01052216196024971,1
2018-03-12,0.010672614913370009,1
2018-03-13,-0.00011496274288920298,1
2018-03-14,-0.007142173829184948,1
2018-03-15,-0.009824136597033802,1
2018-03-16,0.0074429116691445245,1
2018-03-19,0.007368086232805357,1
2018-03-20,0.0011319398745679382,1
2018-03-21,0.0005291752798376346,1
2018-03-22,0.012245287764681506,1
2018-03-23,-0.025505722677597903,1
2018-03-26,0.02296277405399389,1
2018-03-27,0.019345837012364805,1
2018-03-28,0.008516660450074015,1
2018-03-29,-0.0018184229158070084,1
2018-03-30,0.014496561266819233,1
2018-04-02,0.013068272941778439,1
2018-04-03,-0.0019718844669516294,1
2018-04-04,-0.0034007796939412487,1
2018-04-09,0.0024967521435240213,1
2018-04-10,-0.01669981576099895,1
2018-04-11,0.004839392374693716,1
2018-04-12,0.0026788627579249985,1
2018-04-13,0.005682089250213553,1
2018-04-16,0.008377598465335636,1
2018-04-17,-0.0015546582951350627,1
2018-04-18,0.015462044991070392,1
2018-04-19,-0.008966335967339596,1
2018-04-20,-0.008343987239175558,1
2018-04-23,-0.011760071966263021,1
2018-04-24,0.007122930368977046,1
2018-04-25,0.0071329204623685714,1
2018-04-26,-0.0019609415597842007,1
2018-04-27,-0.006054229668563514,1
2018-05-02,-0.010841564768051266,1
2018-05-03,0.003900582589760268,0
2018-05-04,-0.0003032389750212191,0
2018-05-07,0.0034590990513619253,0
2018-05-08,0.0012097512044413686,0
2018-05-09,0.003289177506322789,0
2018-05-10,-0.0018768474495807841,1
2018-05-11,-0.0036078000135685425,1
2018-05-14,-0.011593629297414922,0
2018-05-15,0.004921640334077304,0
2018-05-16,0.0015390903032125028,0
2018-05-17,0.0070379439551136605,0
2018-05-18,-0.0033428895512124975,0
2018-05-21,0.008674339165121489,0
2018-05-22,0.010064397211699123,1
2018-05-23,0.006930649764614628,1
2018-05-24,0.0026009586832330175,1
2018-05-25,-0.005795088390121209,1
2018-05-28,-0.014082269369282963,0
2018-05-29,0.003629735055206253,1
2018-05-30,-0.015073388409715692,1
2018-05-31,-0.003592629252500937,0
2018-06-01,-0.0005311747042978047,0
2018-06-04,-0.006050372678586625,0
2018-06-05,0.009590589465765261,0
2018-06-06,0.002849301009508351,0
2018-06-07,-0.007354097441052995,0
2018-06-08,0.0037117717791374377,0
2018-06-11,-0.001668904984591952,1
2018-06-12,-0.00573235239873646,0
2018-06-13,-0.004539997873506995,0
2018-06-14,0.004596738826444327,0
2018-06-15,-0.014731053799226086,0
2018-06-19,-0.03348570652922086,0
2018-06-20,0.011577454107134424,0
2018-06-21,-0.019581195633238353,0
2018-06-22,0.00881605943339168,0
2018-06-25,0.0051632692658780625,0
2018-06-26,0.025227654916917544,0
2018-06-27,0.015537332156003508,0
2018-06-28,0.001352235168563502,0
2018-06-29,0.007390863502097257,1
2018-07-02,0.00746257303564242,1
2018-07-03,0.021412606274605582,1
2018-07-04,-0.004734962251862391,1
2018-07-05,-0.015348083480769081,1
2018-07-06,0.004082778706729384,1
2018-07-09,-0.003126599833879605,1
2018-07-10,0.005037035829940333,1
2018-07-11,-0.003949123329473114,1
2018-07-12,0.007566897570807848,1
2018-07-13,-0.002780885875446442,1
2018-07-16,0.0051097913603167285,1
2018-07-17,0.007183378033985952,1
2018-07-18,-0.00016621216616945038,1
2018-07-19,-0.005885141437798589,1
2018-07-20,-0.0019606847684161925,1
2018-07-23,0.005374031319074003,1
2018-07-24,4.659642079873558e-05,1
2018-07-25,0.0003308519034835128,1
2018-07-26,0.0013055627356433515,1
2018-07-27,0.00044136469679273904,1
2018-07-30,-0.007648978760354097,1
2018-07-31,-0.0037478419692257466,0
2018-08-01,0.0011965964695289898,0
2018-08-02,-0.010243984151370351,0
2018-08-03,0.006600805016232562,1
2018-08-06,0.0006590375166145926,1
2018-08-07,-0.0015219528083341219,0
2018-08-08,-0.002018421180475724,0
2018-08-09,0.00191570449599434,0
2018-08-10,0.002942518498313264,0
2018-08-13,0.006036605757458457,1
2018-08-14,0.0028628673461635347,0
2018-08-15,0.004495144166423763,1
2018-08-16,-0.0024794959391942553,1
2018-08-17,0.0002678611750762637,1
2018-08-20,0.003095492171122335,1
2018-08-21,-0.00707289720980194,0
2018-08-22,-0.0058771355894049505,0
2018-08-23,0.006230582242350727,0
2018-08-24,-0.0058887407722776975,0
2018-08-27,-0.0013467759732676034,0
2018-08-28,0.0014911523347524987,1
2018-08-29,-0.0001284115161869501,1
2018-08-30,-0.0018015219915747168,1
2018-08-31,-0.007873810410304556,0
2018-09-03,0.0028366720726421945,0
2018-09-04,0.003941099653468753,1
2018-09-05,0.0005162341200712836,1
2018-09-06,0.00946840058026798,1
2018-09-07,-0.004311382295654503,1
2018-09-10,-0.0032917539019847453,0
2018-09-11,0.00806213427047381,1
2018-09-12,0.010588289277566245,1
2018-09-13,-2.8809748405682345e-05,1
2018-09-14,-0.010327981889958206,0
2018-09-17,-0.006972124714128735,0
2018-09-18,-0.0037619976441544793,0
2018-09-19,0.0006031159549134135,0
2018-09-20,-0.0009338334849879216,0
2018-09-21,-0.013800013254038887,0
2018-09-25,0.0028692046853706914,0
2018-09-26,-0.004331263275248111,0
2018-09-27,-0.016482972540961826,0
2018-09-28,0.0008566779613290599,0
2018-10-08,0.003628205150768442,0
2018-10-09,0.0013066011465139788,0
2018-10-10,0.006439438577552988,0
2018-10-11,-0.02417043081783224,0
2018-10-12,-0.016900043813141426,0
2018-10-15,0.003758782823016109,0
2018-10-16,-0.006056737598230975,0
2018-10-17,0.0030895451542475912,0
2018-10-18,-0.0008310905813534754,0
2018-10-19,-0.0014789586850544323,0
2018-10-22,0.00507856142177375,0
2018-10-23,0.008159548422379797,0
2018-10-24,0.006242126572199904,0
2018-10-25,-0.006708766035219237,0
2018-10-26,0.009731648227279076,0
2018-10-29,0.017457707782852903,0
2018-10-30,0.004139032845073975,0
2018-10-31,0.0025177678483645945,0
2018-11-01,0.0024563839234177116,1
2018-11-02,-0.004274405451171533,1
2018-11-05,0.011324695656893265,1
2018-11-06,0.0028482925656050664,1
2018-11-07,0.002840786617783475,1
2018-11-08,-0.0012181760196966328,1
2018-11-09,0.008376788074135874,1
2018-11-12,0.013648002605381215,1
2018-11-13,0.005698603595897467,1
2018-11-14,0.00499227069950915,1
2018-11-15,0.012133413670357097,1
2018-11-16,0.007521449639491158,1
2018-11-19,-0.004032354103883742,1
2018-11-20,-0.002461115990518719,1
2018-11-21,0.001788233111666948,1
2018-11-22,0.0034266329075151344,1
2018-11-23,-0.013945386820218758,1
2018-11-26,-0.0006484499873696701,1
2018-11-27,0.009127860070116272,1
2018-11-28,0.0016529188486957263,1
2018-11-29,-0.01254645369292098,1
2018-11-30,-0.0035996154802338705,1
2018-12-03,0.006253205051300968,1
2018-12-04,0.0034470380666919483,1
2018-12-05,-0.005036445625252868,1
2018-12-06,0.004238937942403202,1
2018-12-07,0.002773740265666286,1
2018-12-10,-0.0006687299093741314,1
2018-12-11,0.006020987840197863,1
2018-12-12,-0.003273023733241728,1
2018-12-13,-0.004265939462657001,0
2018-12-14,-0.00864394998927476,0
2018-12-17,0.001953439447469325,0
2018-12-18,0.001885962840690738,0
2018-12-19,-0.0005098520499925048,0
2018-12-20,0.010099899247695845,0
2018-12-21,0.004909745293938292,1
2018-12-24,0.006539957475375976,1
2018-12-25,-0.0007542291745031874,1
2018-12-26,-0.002976630282393979,1
2018-12-27,-0.009611459602428676,1
2018-12-28,-0.0041872518485459,1
2019-01-02,0.012189771844537149,1
2019-01-03,-0.0031727387081703085,1
2019-01-04,0.004522527496964912,1
2019-01-07,0.013569164805459624,1
2019-01-08,-0.001851915717446637,1
2019-01-09,-0.002236753308182065,1
2019-01-10,0.005437546833785418,1
2019-01-11,0.003174282788338473,1
2019-01-14,0.0030711416449807063,1
2019-01-15,-0.006484159992127576,1
2019-01-16,-0.0009695062762748862,1
2019-01-17,-0.004071503422546265,1
2019-01-18,-0.009235284599847054,1
2019-01-21,0.0015905412188689924,1
2019-01-22,0.005078755792533847,1
2019-01-23,0.004341150444091605,1
2019-01-24,0.004917206127284614,1
2019-01-25,-0.006931189839332721,1
2019-01-28,-0.007277203319866419,1
2019-01-29,-0.0160146309561014,0
2019-01-30,-0.0028449138793734483,0
2019-01-31,-0.014697329231889617,0
2019-02-01,0.014766907233113986,0
2019-02-11,0.011329541849688776,0
2019-02-12,0.0018266089580248387,0
2019-02-13,0.004624886923155491,0
2019-02-14,0.002458960385412487,0
2019-02-15,0.012920962491182837,0
2019-02-18,0.0018682463850638598,0
2019-02-19,0.006867672484129462,1
2019-02-20,-0.003657707285369422,1
2019-02-21,0.0008316819619264392,1
2019-02-22,0.004592442033743375,1
2019-02-25,0.0031157468987288023,1
2019-02-26,0.0010884449182076367,1
2019-02-27,0.00880845737829713,1
2019-02-28,0.007051528859306773,1
2019-03-01,-0.005114149188900314,1
2019-03-04,0.008510756316480675,1
2019-03-05,0.020116947124315845,1
2019-03-06,0.010431775612324131,1
2019-03-07,0.02277430121504917,1
2019-03-08,0.008997175992834595,1
2019-03-11,0.014645138521817407,1
2019-03-12,0.009246413509321517,1
2019-03-13,-0.014886969422818374,1
2019-03-14,-0.011835947537465936,1
2019-03-15,0.0007886582137836603,1
2019-03-18,-0.003911893493107842,1
2019-03-19,0.009409999395449096,1
2019-03-20,-0.00017005929948482514,1
2019-03-21,0.007587262534122369,1
2019-03-22,0.0023842252972276477,1
2019-03-25,0.012096244891006237,1
2019-03-26,-0.012478364834100817,1
2019-03-27,-0.002975592679698414,1
2019-03-28,-0.005578188247293492,1
2019-03-29,-0.0030234906139533987,1
2019-04-01,0.00929907798034136,1
2019-04-02,0.01096249417315176,1
2019-04-03,-0.005532955399266596,1
2019-04-04,-0.011827846283409223,1
2019-04-08,-0.00562825856431849,0
2019-04-09,0.0035669156407357,0
2019-04-10,-0.0017095857156310607,0
2019-04-11,0.00290739017131764,0
2019-04-12,0.0013533234655705632,1
2019-04-15,-0.0028456110854284504,1
2019-04-16,-0.0004487691238052767,1
2019-04-17,-0.0007178048579397447,0
2019-04-18,-0.0008826184534134708,0
2019-04-19,-0.0006043765751414243,0
2019-04-22,0.0050438262225735615,0
2019-04-23,-0.011647212672887593,0
2019-04-24,0.007082270652839719,0
2019-04-25,-0.011785131997022549,0
2019-04-26,0.00679042990376719,0
2019-04-29,-0.02742426578316752,0
2019-04-30,-0.0011645154334140283,0
2019-05-06,-0.014777098937746036,0
2019-05-07,-0.0009203811730949651,0
2019-05-08,0.012166263024546313,0
2019-05-09,0.009664478627968553,0
2019-05-10,0.00145161385753214,0
2019-05-13,0.0013430654049321426,0
2019-05-14,0.00036145088952630085,0
2019-05-15,-0.001837025067168898,0
2019-05-16,-0.0001172337959122801,0
2019-05-17,-0.008764259813721486,0
2019-05-20,0.009440837132048418,0
2019-05-21,0.0022227895644206536,0
2019-05-22,0.0023649007458495215,0
2019-05-23,-0.004369537083187502,0
2019-05-24,-0.00851859785114949,0
2019-05-27,0.017559769485949808,0
2019-05-28,-0.010186157486972294,0
2019-05-29,0.012266574343410039,0
2019-05-30,-0.000916690196410776,1
2019-05-31,0.003812078361052441,1
2019-06-03,-0.007422048332419674,1
2019-06-04,-0.0029268163569153207,1
2019-06-05,0.0034300574470780085,1
2019-06-06,-0.012222050573506778,0
2019-06-10,0.0020526744544122916,0
2019-06-11,0.005296400242516888,1
2019-06-12,0.00020694947693769387,1
2019-06-13,0.003967421725457332,1
2019-06-14,-0.013691827670333084,0
2019-06-17,-0.0001481524152478703,1
2019-06-18,-0.002692155461152663,0
2019-06-19,0.006399625597120352,0
2019-06-20,-0.007224638634023176,0
2019-06-21,0.01350359211045088,1
2019-06-24,-0.0019238305096101836,1
2019-06-25,-0.000755999781581509,0
2019-06-26,0.00030169080030250674,1
2019-06-27,0.0030294032202883674,0
2019-06-28,-0.008427100615644938,0
2019-07-01,0.009676932464755813,0
2019-07-02,-0.002098016444329286,0
2019-07-03,0.0007880764435715497,0
2019-07-04,0.002617020521336102,0
2019-07-05,0.002216049619949847,1
2019-07-08,-0.0077232630920712475,1
2019-07-09,0.009941281874119043,1
2019-07-10,-0.003861980834826428,1
2019-07-11,0.004125838750996447,1
2019-07-12,0.0004267662571662686,1
2019-07-15,0.008338407086408947,1
2019-07-16,0.0060949289206059,1
2019-07-17,0.0004875480597075906,1
2019-07-18,-0.002974584548743291,1
2019-07-19,-0.001841436060455939,1
2019-07-22,-0.01554991225231175,1
2019-07-23,0.006989896648018575,1
2019-07-24,0.006394147020715604,1
2019-07-25,3.813354468563696e-05,1
2019-07-26,-0.004604955778905491,1
2019-07-29,0.0054553865548116086,1
2019-07-30,0.0015656774065437888,1
2019-07-31,0.004560135595018985,1
2019-08-01,0.007335820009570302,1
2019-08-02,0.004133440739294706,1
2019-08-05,0.008299023116223403,1
2019-08-06,-0.009254930141894737,1
2019-08-07,-0.0011626841634598266,1
2019-08-08,-0.007135877156855009,1
2019-08-09,-0.0034438503964677493,1
2019-08-12,0.0002577832855652634,1
2019-08-13,0.002713023081783244,1
2019-08-14,0.003573229478497507,1
2019-08-15,0.001465318567982116,1
2019-08-16,0.00041017825309365256,1
2019-08-19,0.009326916461434718,1
2019-08-20,0.0027451061389398637,1
2019-08-21,0.0010862840186282943,1
2019-08-22,0.0007652986265506171,1
2019-08-23,-0.008662056659451646,1
2019-08-26,0.009523120448110316,1
2019-08-27,0.002423368676550113,1
2019-08-28,0.0031038866482291593,1
2019-08-29,0.0022634790225772553,1
2019-08-30,-0.010639190833322877,1
2019-09-02,0.012826610261476145,1
2019-09-03,0.009896071136138027,1
2019-09-04,0.0031822083746614604,1
2019-09-05,0.004402118463152914,1
2019-09-06,0.002238860878089982,1
2019-09-09,0.011820112322934666,1
2019-09-10,0.0037442139656135064,1
2019-09-11,0.0028112126244973874,1
2019-09-12,-0.0033937366481944045,1
2019-09-16,0.00456649062058439,1
2019-09-17,-0.009722244931715425,1
2019-09-18,-0.004486665453781475,1
2019-09-19,0.007704915638125483,1
2019-09-20,-0.0032063106694608197,1
2019-09-23,0.005411662439274098,1
2019-09-24,0.006862867846812263,1
2019-09-25,-0.012146801042956486,1
2019-09-26,-0.017020597509215456,1
2019-09-27,0.0068263054139206004,1
2019-09-30,-0.0043522406511325926,1
2019-10-08,-0.005837299020974312,1
2019-10-09,0.010674698402832238,1
2019-10-10,0.0011507306578147601,1
2019-10-11,-0.00890938672977373,0
2019-10-14,0.00784489598138585,1
2019-10-15,-0.003928151824052067,0
2019-10-16,-0.003856909987081159,0
2019-10-17,-0.0021884968117928862,0
2019-10-18,-0.0007208255439127842,0
2019-10-21,-0.01127817716606565,0
2019-10-22,0.0035872447490850664,0
2019-10-23,0.0048990990513697215,0
2019-10-24,0.0013490610771434645,0
2019-10-25,-0.005629745826646082,0
2019-10-28,0.01019984019422701,0
2019-10-29,-0.010440368595516364,0
2019-10-30,-0.00038852416380945505,0
2019-10-31,-0.006013032795543742,0
2019-11-01,-0.00393369893791954,0
2019-11-04,-0.002608667259041763,0
2019-11-05,-0.0015122891878628607,0
2019-11-06,-0.00013274047954665684,0
2019-11-07,0.0010650129232056072,0
2019-11-08,0.003438980976927025,0
2019-11-11,-0.008960219533640922,0
2019-11-12,0.0008320214507070594,0
2019-11-13,0.0014351278904948324,0
2019-11-14,0.0030101590468393762,0
2019-11-15,-0.00030680508142782656,0
2019-11-18,-0.0015858726992961378,0
2019-11-19,0.007957972979034559,0
2019-11-20,0.002424975532831321,0
2019-11-21,0.0001211521930878116,0
2019-11-22,0.003186202679781409,0
2019-11-25,-0.008803297167137108,0
2019-11-26,-0.008989891888893878,0
2019-11-27,0.010504430876887894,0
2019-11-28,-0.0015003698070058425,0
2019-11-29,0.011673518227912575,1
2019-12-02,0.0035247871960901243,1
2019-12-03,0.003251867071118403,1
2019-12-04,0.00400530750135651,1
2019-12-05,0.002834398740845864,1
2019-12-06,0.0015494870346352352,1
2019-12-09,0.003742985763846005,1
2019-12-10,0.005177804775582653,1
2019-12-11,-0.004350984299542074,1
2019-12-12,0.004600348434495077,1
2019-12-13,-0.004144396136681489,1
2019-12-16,0.009549218286191749,1
2019-12-17,0.0004942904611092858,1
2019-12-18,0.009588138596108037,1
2019-12-19,0.005149314490296768,1
2019-12-20,-0.004825264498266407,1
2019-12-23,-0.008095604706299634,1
2019-12-24,0.009664831790550459,1
2019-12-25,0.007508739588112609,1
2019-12-26,-0.0003480149745968726,1
2019-12-27,-0.004716384783873164,1
2019-12-30,-0.010523593285414369,1
2019-12-31,-0.003055048089613519,1
2020-01-02,0.003246195157824542,1
2020-01-03,0.007485764411160449,1
2020-01-06,0.012358599356505358,1
2020-01-07,0.006605296015908549,1
2020-01-08,0.005106161368746469,1
2020-01-09,0.0003937021863217212,1
2020-01-10,-0.0033323807193300545,1
2020-01-13,0.006509123883409625,1
2020-01-14,0.006809389179105549,1
2020-01-15,0.005804172299405513,1
2020-01-16,0.006786135663660708,1
2020-01-17,0.004596360270161403,1
2020-01-20,0.005431062012565305,1
2020-01-21,0.004209431274538036,1
2020-01-22,0.008655953995767015,1
2020-01-23,-0.0029483720231572898,1
2020-02-03,-0.014066581412083778,1
2020-02-04,-0.014074507477681998,1
2020-02-05,0.007775740997612314,1
2020-02-06,0.0038069089736547136,1
2020-02-07,0.016218997094182376,1
2020-02-10,0.01072608679658883,1
2020-02-11,-0.009214528289110232,1
2020-02-12,0.010970634914811218,1
2020-02-13,0.0027171912685960945,1
2020-02-14,-0.0025474378178547558,1
2020-02-17,0.009150773022186455,1
2020-02-18,0.022068948407027045,1
2020-02-19,0.005347736749418642,1
2020-02-20,-0.004053179627363655,1
2020-02-21,0.006451675689614755,1
2020-02-24,0.016462292984257443,1
2020-02-25,0.004118464950330559,1
2020-02-26,-0.0052347624126714044,1
2020-02-27,-0.006796165413557239,1
2020-02-28,-0.01666482206842581,1
2020-03-02,0.005007336283727466,1
2020-03-03,0.005611593639852325,1
2020-03-04,-0.00047073907502951425,1
2020-03-05,0.0016556246226018083,1
2020-03-06,0.010098533059505053,1
2020-03-09,-0.003038085913378334,1
2020-03-10,0.0036241253206418834,1
2020-03-11,0.002182956149520566,1
2020-03-12,0.004088397222134731,1
2020-03-13,0.004585728500433535,1
2020-03-16,-0.0038920327600966975,1
2020-03-17,0.004553412679728339,1
2020-03-18,0.00023515504592507355,1
2020-03-19,0.01822781726632465,1
2020-03-20,-0.008482111314452933,1
2020-03-23,-0.011598848510317332,1
2020-03-24,-0.0038001833584212392,0
2020-03-25,-0.0049406813750537334,1
2020-03-26,-0.004755453456115122,1
2020-03-27,-0.005155164803252418,1
2020-03-30,-0.012184089481295075,0
2020-03-31,-0.0005668803357992353,0
2020-04-01,0.005689862900465044,0
2020-04-02,0.012960052842987378,1
2020-04-03,-0.0018600508138228913,0
2020-04-07,0.0032482655107621203,1
2020-04-08,0.005974780294879805,1
2020-04-09,0.001562969984320612,1
2020-04-10,-0.01247876763385852,0
2020-04-13,-0.003145261219037145,0
2020-04-14,0.00010153064834787437,0
2020-04-15,0.005278120425814123,0
2020-04-16,0.0032412297132691694,0
2020-04-17,0.00020607278949735103,0
2020-04-20,0.003397523792914076,0
2020-04-21,-0.003022804373246769,0
2020-04-22,0.007265173657806114,1
2020-04-23,-0.003607043982927367,1
2020-04-24,-0.004219269342424227,1
2020-04-27,-0.011117787864960826,0
2020-04-28,-0.018565008916043693,0
2020-04-29,0.004199432342640002,0
2020-04-30,0.020376867837282958,1
2020-05-06,0.017781825492440485,1
2020-05-07,-0.003953163463577143,1
2020-05-08,0.003649660456547311,1
2020-05-11,0.006660211508697065,1
2020-05-12,-0.0019235649545931654,1
2020-05-13,0.0015102007917832398,1
2020-05-14,0.006846691946657262,1
2020-05-15,0.009665510373959137,1
2020-05-18,-0.00357046825370724,1
2020-05-19,0.009068150099802875,1
2020-05-20,0.0026158599195393742,1
2020-05-21,-0.007847196876100127,1
2020-05-22,0.005490230109262062,1
2020-05-25,-0.00412532744535342,1
2020-05-26,0.011373748767891186,1
2020-05-27,0.005845388837723585,1
2020-05-28,-0.0003957664142830225,1
2020-05-29,0.0010548707565352566,1
2020-06-01,0.012448777633973434,1
2020-06-02,0.009744815862033554,1
2020-06-03,-0.0002743716303903129,1
2020-06-04,0.0023530198467133006,1
2020-06-05,-0.004730589568744149,1
2020-06-08,-0.0014941037497387417,1
2020-06-09,-0.002588765626817915,1
2020-06-10,-0.0038472855916109115,1
2020-06-11,0.008967504618303711,1
2020-06-12,-0.0006694370956179909,1
2020-06-15,0.0031213495976813816,1
2020-06-16,0.006346630910433679,1
2020-06-17,-0.0005626933864564569,1
2020-06-18,-0.0018908458565188037,1
2020-06-19,-0.005682408474891666,1
2020-06-22,0.007001072195235209,1
2020-06-23,-0.004858401916063558,1
2020-06-24,-0.0025272579572173225,1
2020-06-29,0.001670321469390508,1
2020-06-30,-0.000394512349938831,1
2020-07-01,-0.006075862158084743,1
2020-07-02,0.002901454199869466,0
2020-07-03,-0.0011356271551380658,0
2020-07-06,0.0026141314888088393,0
2020-07-07,0.0019064951303662467,1
2020-07-08,0.006334971153717638,1
2020-07-09,0.007987216793595084,1
2020-07-10,0.005815079803948978,1
2020-07-13,0.008288012607629396,1
2020-07-14,0.006067781063744436,1
2020-07-15,-0.021190250437951384,1
2020-07-16,-0.004988868123655878,1
2020-07-17,-0.003812105726727826,0
2020-07-20,0.004211570099333907,1
2020-07-21,0.00439303505302447,1
2020-07-22,-6.626530782416571e-05,1
2020-07-23,-0.0010067383237737089,1
2020-07-24,-0.0004199412530785998,1
2020-07-27,-0.007926220874370974,1
2020-07-28,0.006257898298832012,1
2020-07-29,0.005477743560354131,1
2020-07-30,0.007616254391182908,1
2020-07-31,0.005750469798085519,1
2020-08-03,0.012651139299991305,1
2020-08-04,-0.003033696236135167,1
2020-08-05,0.008529193894292932,1
2020-08-06,0.000464641851399092,1
2020-08-07,-0.00041894885965503177,1
2020-08-10,0.004547451292702165,1
2020-08-11,-0.004246133161108308,1
2020-08-12,-0.00042619501498684237,1
2020-08-13,0.0044457495786280376,1
2020-08-14,-0.006187379281098479,1
2020-08-17,0.0008482261935828586,1
2020-08-18,0.004293237575057063,1
2020-08-19,-0.0057631844535897085,1
2020-08-20,-0.0013050989101491463,1
2020-08-21,-0.002938204097649365,1
2020-08-24,-0.0029801867350397575,1
2020-08-25,0.00017128937937073928,1
2020-08-26,-0.01608866745338531,1
2020-08-27,0.006169670701147734,1
2020-08-28,-0.006652270144222254,0
2020-08-31,0.009291066983192523,0
2020-09-01,0.0011678905016636737,0
2020-09-02,0.0011948356160359987,0
2020-09-03,4.881141523786336e-05,0
2020-09-04,0.011123230019108372,0
2020-09-07,0.008002822957685094,1
2020-09-08,-0.00039109453049029864,1
2020-09-09,0.00010004722122827422,1
2020-09-10,-0.022307483567511013,0
2020-09-11,0.004880142699196392,0
2020-09-14,0.01268361786494092,1
2020-09-15,-0.0018623394895000952,0
2020-09-16,0.0013132367981088864,1
2020-09-17,0.016013901807353077,1
2020-09-18,-0.005807790588754667,1
2020-09-21,0.006877333543354272,1
2020-09-22,-0.004488453884577529,1
2020-09-23,0.0036845586995271776,1
2020-09-24,-0.006242863302868204,1
2020-09-25,-0.00699542357602579,1
2020-09-28,-0.008901982673018184,1
2020-09-29,0.007215988082659603,1
2020-09-30,-0.0019678749061136608,1
2020-10-09,0.009641386339256468,1
2020-10-12,-4.606301961356668e-05,1
2020-10-13,0.0011111004176313204,1
2020-10-14,0.007061508780729928,1
2020-10-15,-0.00218811794535037,1
2020-10-16,0.0014063293577174767,1
2020-10-19,0.004277136979195181,1
2020-10-20,-0.0009886624102330363,1
2020-10-21,-0.009847306838873927,1
2020-10-22,0.000501256131612773,1
2020-10-23,-0.0001107102409939123,0
2020-10-26,0.00445306393271092,1
2020-10-27,-0.0011221973711226726,0
2020-10-28,-0.003876853058961376,0
2020-10-29,-0.011106741217716633,0
2020-10-30,-0.002256125409488075,0
2020-11-02,-0.003406326645355098,0
2020-11-03,0.010335690666551867,1
2020-11-04,-0.0029951545495532327,0
2020-11-05,0.004718884615419933,1
2020-11-06,-0.003114323900211079,0
2020-11-09,0.010794013929337959,1
2020-11-10,-0.00511768754739375,0
2020-11-11,-0.00459160730138608,0
2020-11-12,-0.004367317795527082,0
2020-11-13,0.013754214084419033,0
2020-11-16,0.0015689948340132723,0
2020-11-17,0.0001080287332877565,0
2020-11-18,0.005381650334850555,1
2020-11-19,-0.0031097750299567315,1
2020-11-20,0.003253745526358579,1
2020-11-23,-0.0016240982021653583,1
2020-11-24,0.00866378414666073,1
2020-11-25,0.005247115226088547,1
2020-11-26,-0.005245692238505667,1
2020-11-27,-0.012122227204733233,1
2020-11-30,-0.0024350828988311127,1
2020-12-01,-0.0039061710219735115,1
2020-12-02,0.004946306035107411,1
2020-12-03,-0.0035459633102636304,1
2020-12-04,-0.001954921363356425,1
2020-12-07,0.006591436427134407,1
2020-12-08,0.00014455774786627934,1
2020-12-09,-0.0028515849465596856,1
2020-12-10,5.563673968767482e-05,1
2020-12-11,-0.004119520147857639,0
2020-12-14,-0.0015834306059217557,0
2020-12-15,-0.002319832316937945,0
2020-12-16,-0.01144236156988123,0
2020-12-17,0.003986863627998844,0
2020-12-18,0.0019665230753650874,0
2020-12-21,0.004194870674407181,0
2020-12-22,-0.0024922265563754632,0
2020-12-23,-0.0006579001520771802,0
2020-12-24,-0.011136135485594612,0
2020-12-25,-0.000680612872474666,0
2020-12-28,-0.010659952570210608,0
2020-12-29,-0.0005058581356876465,0
2020-12-30,-0.007507249543891134,0
2020-12-31,0.0009792328374958088,0
2021-01-04,0.005972548792891424,0
2021-01-05,-0.0108859208569477,0
2021-01-06,-0.01580346060751681,0
2021-01-07,-0.03087730780506941,0
2021-01-08,-0.002513222049037761,0
2021-01-11,-0.0015513940261243555,0
2021-01-12,-0.01010952987473832,0
2021-01-13,-0.00189639393550804,0
2021-01-14,0.02359654039794194,0
2021-01-15,0.005018328024128198,0
2021-01-18,0.005508746542238227,0
2021-01-19,0.012320791570112647,0
2021-01-20,-0.003961645678209469,0
2021-01-21,-0.0035248176886265824,0
2021-01-22,-0.0091521489519571,0
2021-01-25,-0.012042765331060856,0
2021-01-26,0.012242930560497802,0
2021-01-27,-0.0016520412596826213,0
2021-01-28,0.013729082192280685,0
2021-01-29,-0.01003604044432321,0
2021-02-01,-0.0032689734581763837,0
2021-02-02,-0.008740736819524988,0
2021-02-03,-0.013353666168738742,0
2021-02-04,-0.00836423355958277,0
2021-02-05,-0.013929393434877098,0
2021-02-08,-0.009781898205393396,0
2021-02-09,9.059193180630323e-05,0
2021-02-10,-0.007822137587259234,0
2021-02-18,0.02535933489423251,0
2021-02-19,0.021854088959250544,0
2021-02-22,0.027805785794084232,1
2021-02-23,-0.0013814517475232097,0
2021-02-24,0.02400771305915337,1
2021-02-25,-0.009863051628320949,1
2021-02-26,0.01657224312662768,1
2021-03-01,0.007935852459543917,1
2021-03-02,0.009886697050087205,1
2021-03-03,0.0007788338002381739,1
2021-03-04,0.018389293218013802,1
2021-03-05,0.004849048919382468,1
2021-03-08,0.015764855256699458,1
2021-03-09,-0.0059074630187701885,1
2021-03-10,-0.016446195382526924,1
2021-03-11,-0.00404957739034556,1
2021-03-12,-0.006337229435172697,1
2021-03-15,0.01118197600081674,1
2021-03-16,0.0008970426945965572,1
2021-03-17,0.0003850453488626624,1
2021-03-18,-0.006541653304660899,1
2021-03-19,0.01963948964742287,1
2021-03-22,0.005230778788804184,1
2021-03-23,0.004901976967988917,1
2021-03-24,0.008112547156405848,1
2021-03-25,-0.00920004813995694,1
2021-03-26,-0.007981219557094563,1
2021-03-29,-0.002938369099824056,1
2021-03-30,-0.012700912980311696,1
2021-03-31,0.007125830386536012,1
2021-04-01,0.0005058459473233148,1
2021-04-02,0.0028044688337585727,1
2021-04-06,0.008272516568811653,0
2021-04-07,0.007277979731447825,1
2021-04-08,-0.006611808901732755,1
2021-04-09,0.010003659605861352,1
2021-04-12,0.0027474616067665637,1
2021-04-13,-0.00851926595580634,1
2021-04-14,0.001991888066495551,1
2021-04-15,0.004709674359653539,1
2021-04-16,0.01130013267592639,1
2021-04-19,-0.00145402310175698,1
2021-04-20,-0.004463518302840551,1
2021-04-21,-0.004390952204863677,1
2021-04-22,0.006503291434876627,1
2021-04-23,-0.008489678176421359,1
2021-04-26,0.005799516272019506,1
2021-04-27,-0.010773907321010825,1
2021-04-28,-0.003877082341538188,1
2021-04-29,-0.007546051907514746,1
2021-04-30,-0.0002986042516064987,1
2021-05-06,0.009645950369411441,1
2021-05-07,0.0023389757620120976,1
2021-05-10,0.003541020913742989,1
2021-05-11,0.00505612473145099,1
2021-05-12,0.00604435531187062,1
2021-05-13,0.007702586072321772,1
2021-05-14,-0.004590565016160685,1
2021-05-17,-0.011021984966326986,1
2021-05-18,0.00684468668677141,1
2021-05-19,0.006302755679635931,1
2021-05-20,0.0016896888893851933,1
2021-05-21,0.005845608661279818,1
2021-05-24,0.004283878985610423,1
2021-05-25,-0.01351926163165519,1
2021-05-26,0.004151171511360524,1
2021-05-27,0.009333634644398407,1
2021-05-28,0.005935344580137659,1
2021-05-31,0.011702993888196778,1
2021-06-01,0.0073465277057914785,1
2021-06-02,0.0011243927423645658,1
2021-06-03,0.0051452035588221475,1
2021-06-04,0.001997038222517283,1
2021-06-07,0.009774749751501366,1
2021-06-08,0.004784720240433551,1
2021-06-09,0.002788452216414016,1
2021-06-10,0.006696156080687556,1
2021-06-11,-0.004627349097473017,1
2021-06-15,0.010782964094828014,1
2021-06-16,0.0047355923653988104,1
2021-06-17,0.01113108320280309,1
2021-06-18,0.005815342234848825,1
2021-06-21,0.01047648455826114,1
2021-06-22,-0.0011167681707770173,1
2021-06-23,0.0036195856015217905,1
2021-06-24,-0.008834074293128127,1
2021-06-25,-0.007609580524909275,1
2021-06-28,0.0024196148498667807,1
2021-06-29,0.0019467642021144581,1
2021-06-30,0.003951078959601507,1
2021-07-01,-0.011490975710597935,1
2021-07-02,0.016181887230950584,1
2021-07-05,0.009516481531748897,1
2021-07-06,-0.001763683032402326,1
2021-07-07,-0.0031584133352182096,1
2021-07-08,0.006245689965839424,1
2021-07-09,0.00613793885174763,1
2021-07-12,0.0008484340699363227,1
2021-07-13,-0.0005703357423735944,1
2021-07-14,0.0032818174986062668,1
2021-07-15,-0.013473688046436397,1
2021-07-16,0.008919675323782189,1
2021-07-19,-0.00454653362633193,1
2021-07-20,0.0037007822465331994,1
2021-07-21,0.0037746769185859914,1
2021-07-22,0.004741060095219906,1
2021-07-23,0.003114433088051951,1
2021-07-26,0.013794726362049054,1
2021-07-27,0.017855247953889417,1
2021-07-28,-0.013877182651817782,1
2021-07-29,0.0019461617931331027,1
2021-07-30,0.009797329118553506,1
2021-08-02,-0.00239409467549153,1
2021-08-03,0.0006265403283981985,1
2021-08-04,-2.46796346212233e-05,1
2021-08-05,0.00029399753916032993,1
2021-08-06,0.0019274299343896688,1
2021-08-09,-0.006010680075260719,1
2021-08-10,0.0006925221298589241,1
2021-08-11,0.005324527693615843,1
2021-08-12,0.007825712615979155,1
2021-08-13,0.002466403316768986,1
2021-08-16,0.0016708792282242482,1
2021-08-17,-0.002978302200996933,1
2021-08-18,-0.0010087938748216604,1
2021-08-19,0.0031117750309458485,1
2021-08-20,0.008521714576733647,1
2021-08-23,0.008153411687349475,1
2021-08-24,-0.00439107886762325,1
2021-08-25,0.004737425422567752,1
2021-08-26,0.006895326357135412,1
2021-08-27,-0.006583759119885097,1
2021-08-30,0.0022519767093855682,1
2021-08-31,-0.009084067146270941,1
2021-09-01,-0.004383175139369699,1
2021-09-02,0.005171424697728211,1
2021-09-03,0.013396508900838804,1
2021-09-06,-0.001277511406583734,1
2021-09-07,-0.004396217848740962,1
2021-09-08,0.006772483274863676,1
2021-09-09,-0.00624508915822993,1
2021-09-10,0.0013470376308638453,1
2021-09-13,-0.000887798030235842,1
2021-09-14,0.0032003527552167694,1
2021-09-15,0.012902274301507522,1
2021-09-16,-0.004368833588174935,1
2021-09-17,-0.0018000879913507872,1
2021-09-22,0.005277455853060654,1
2021-09-23,0.00475601123348279,1
2021-09-24,-0.0027414131564740974,1
2021-09-27,-0.00731862371269887,1
2021-09-28,0.0002732619261625359,1
2021-09-29,-0.006607605765484394,1
2021-09-30,0.006165269562615157,1
2021-10-08,0.005695828990658086,1
2021-10-11,0.0011602404707662418,1
2021-10-12,-0.001681821118361031,1
2021-10-13,-0.0015618048464302123,1
2021-10-14,0.007645341475810596,1
2021-10-15,-0.0070772650966165,1
2021-10-18,0.004131062240651004,1
2021-10-19,-0.0002755383227423542,1
2021-10-20,0.004024609857028678,1
2021-10-21,-0.007036974471971694,1
2021-10-22,-0.00408301819303304,0
2021-10-25,-0.0006261115422012877,0
2021-10-26,0.0007256302379435161,1
2021-10-27,-0.007314057467914532,0
2021-10-28,-0.004558307355491819,0
2021-10-29,0.006341288337868272,0
2021-11-01,0.021039947501699963,1
2021-11-02,0.0008021585026819055,1
2021-11-03,0.007956766332329508,1
2021-11-04,0.00788320485655742,1
2021-11-05,0.003856382221525648,1
2021-11-08,-0.0017294582385803492,1
2021-11-09,0.008942201073736309,1
2021-11-10,0.010176168764061664,1
2021-11-11,-0.0001851075551386229,1
2021-11-12,0.010462889291749683,1
2021-11-15,0.00746098141162877,1
2021-11-16,-0.003717052698876553,1
2021-11-17,0.008031825655209667,1
2021-11-18,0.0028980152977423493,1
2021-11-19,0.00034962148387384165,1
2021-11-22,0.006575956230611942,1
2021-11-23,0.006518836217058595,1
2021-11-24,0.00823843222136857,1
2021-11-25,0.0017844631510540486,1
2021-11-26,0.0015040419556751252,1
2021-11-29,0.004400923390818871,1
2021-11-30,0.004606953183167456,1
2021-12-01,0.004027646697808935,1
2021-12-02,-0.01229016569083456,1
2021-12-03,-0.00029838657063990977,1
2021-12-06,-0.005614052627288485,1
2021-12-07,-0.014033386929997416,1
2021-12-08,0.0017579414343023621,1
2021-12-09,-0.00670784370549999,1
2021-12-10,0.005466644921418385,1
2021-12-13,0.006080190464745305,1
2021-12-14,0.00937568791432259,1
2021-12-15,0.004353916613711332,1
2021-12-16,-0.0003072866471274076,1
2021-12-17,0.005462521146332772,1
2021-12-20,0.004126153554366522,1
2021-12-21,-0.0003408664979279684,1
2021-12-22,0.005882354332105321,1
2021-12-23,-0.007709731252953303,1
2021-12-24,-0.005502750016606821,1
2021-12-27,0.0007170249750816579,0
2021-12-28,0.003023499077507815,0
2021-12-29,0.008525288347415137,1
2021-12-30,0.004099650715068211,1
2021-12-31,0.002003171117569199,1
2022-01-04,0.004003730072412457,1
2022-01-05,-0.004390031120249454,1
2022-01-06,0.010170576723604156,1
2022-01-07,-0.011904789662356535,1
2022-01-10,0.002506372984167939,1
2022-01-11,0.0023368863498258625,1
2022-01-12,0.0027457074006950813,1
2022-01-13,0.0016248665028225431,1
2022-01-14,0.009023225988536946,1
2022-01-17,0.008736168738893402,1
2022-01-18,-0.012628938597898015,1
2022-01-19,-0.00038322941386319427,1
2022-01-20,-0.021084855015048816,0
2022-01-21,-0.0011663296485788874,1
2022-01-24,-0.0021097415727116824,1
2022-01-25,-0.012127784665986276,0
2022-01-26,0.0009590303862231728,0
2022-01-27,-0.010396825231968936,0
2022-01-28,0.012667346182572385,0
2022-02-07,-0.004294988994975497,0
2022-02-08,0.0075633761653340886,0
2022-02-09,0.006953043477671495,0
2022-02-10,-0.00676326439986421,0
2022-02-11,-0.012360227173995118,0
2022-02-14,0.005793179444617485,0
2022-02-15,0.0016794538710959567,0
2022-02-16,0.003300550597726315,0
2022-02-17,-0.0029115279038075094,0
2022-02-18,0.0015335001970414345,0
2022-02-21,0.012158404619927187,0
2022-02-22,0.0002291872194779103,0
2022-02-23,0.011255250305171553,0
2022-02-24,-0.0040741445662817,1
2022-02-25,-0.0004752643166320517,1
2022-02-28,-0.0003847866813860008,1
2022-03-01,-0.0012851631231749648,1
2022-03-02,0.002911205109242048,1
2022-03-03,-0.004029263857846466,1
2022-03-04,0.0005180401083435919,1
2022-03-07,0.0016695913369904891,1
2022-03-08,-0.0003647016183488498,1
2022-03-09,-0.006683935715824691,1
2022-03-10,-0.00017138213478800138,1
2022-03-11,0.0023088002364909056,1
2022-03-14,0.0010439576626671276,1
2022-03-15,-0.001059634367822998,1
2022-03-16,-0.007150860263281329,1
2022-03-17,0.0027544809486572588,1
2022-03-18,-0.0020868505830131286,1
2022-03-21,0.007561210636353347,1
2022-03-22,-0.005877316158349463,0
2022-03-23,0.004748703597207325,0
2022-03-24,-0.005973534018314726,0
2022-03-25,0.005824983429533179,0
2022-03-28,-0.0002410627551658281,0
2022-03-29,-0.005208112009285859,0
2022-03-30,-0.0036092195521283225,0
2022-03-31,-0.0003560815437684238,0
2022-04-01,-0.0094966940491311,0
2022-04-06,0.0025550833080954143,0
2022-04-07,-0.01127377540758189,0
2022-04-08,-0.009853778667620702,0
2022-04-11,-0.0046640983339109425,0
2022-04-12,-0.0011123180618099852,0
2022-04-13,-0.009763199192940775,0
2022-04-14,-0.0038335507622912594,0
2022-04-15,-0.006872537084575478,0
2022-04-18,0.014733322109450914,0
2022-04-19,0.0018591193883647876,0
2022-04-20,0.0059197641509465375,0
2022-04-21,-0.010563940711938422,0
2022-04-22,-0.013992228920175735,0
2022-04-25,-0.020254149055472098,0
2022-04-26,-0.019684221325076322,0
2022-04-27,0.014935235947668268,0
2022-04-28,-0.02243288888293387,0
2022-04-29,0.013620012716354681,0
2022-05-05,0.012039116896487118,0
2022-05-06,0.015560191301406926,0
2022-05-09,0.012917126800808098,0
2022-05-10,0.01221288398475591,0
2022-05-11,-0.0015747640700403878,0
2022-05-12,0.007907285772205319,1
2022-05-13,-0.003488449921694943,0
2022-05-16,0.0027003846068380066,1
2022-05-17,-0.0027180423756974284,1
2022-05-18,0.0082474313153161,1
2022-05-19,0.0022601256683793198,1
2022-05-20,-0.001857182972635766,1
2022-05-23,0.012216614201336143,1
2022-05-24,-0.016930801439664824,1
2022-05-25,0.008664535168387083,1
2022-05-26,-0.0009380136730949033,1
2022-05-27,-0.00514233956676929,1
2022-05-30,0.008406884430975974,1
2022-05-31,0.004615986323881062,1
2022-06-01,0.01274627440199918,1
2022-06-02,0.0177199232797143,1
2022-06-06,0.006634819959554873,1
2022-06-07,-0.007623730376111256,1
2022-06-08,-0.010625689320325,1
2022-06-09,-0.011971886608343118,1
2022-06-10,0.003716279879228476,1
2022-06-13,0.010666174154537121,1
2022-06-14,-0.010667478327773148,1
2022-06-15,-0.006039430547610507,1
2022-06-16,0.013834908241896374,1
2022-06-17,-0.003746510390172042,1
2022-06-20,0.003938437117612748,1
2022-06-21,-0.00477909291034798,1
2022-06-22,-0.0028990217694126446,1
2022-06-23,0.01085658750143394,1
2022-06-24,0.0023749094683313543,1
2022-06-27,-0.0055140626532951065,1
2022-06-28,0.00498167216278465,1
2022-06-29,-0.007874145762124325,1
2022-06-30,-0.00392827350828172,0
2022-07-01,0.0011269823303109929,0
2022-07-04,0.0009587628443339744,0
2022-07-05,-0.004299528073721598,0
2022-07-06,0.013970309350544151,1
2022-07-07,0.0007107661081587257,1
2022-07-08,0.006995215247503237,1
2022-07-11,0.0021781222930575515,1
2022-07-12,-0.01321650380627708,1
2022-07-13,0.005497882982065069,1
2022-07-14,0.012510492842471025,1
2022-07-15,0.007087888945560529,1
2022-07-18,0.008757722879771997,1
2022-07-19,0.013095377719958173,1
2022-07-20,0.00711477215315912,1
2022-07-21,0.010846755424353833,1
2022-07-22,-0.003070851513707675,1
2022-07-25,-0.0031876190546464853,1
2022-07-26,-0.0009209666597218055,1
2022-07-27,0.01106001882022867,1
2022-07-28,0.013549791978969983,1
2022-07-29,0.005324779830085451,1
2022-08-01,0.00586324478357877,1
2022-08-02,-0.001949223478800232,1
2022-08-03,0.0100944948392045,1
2022-08-04,0.0036910376237575876,1
2022-08-05,0.017974859564591973,1
2022-08-08,0.0067193668016266046,1
2022-08-09,-0.002834670398005025,1
2022-08-10,0.010386923796280248,1
2022-08-11,-0.0012267543132069361,1
2022-08-12,-0.012878376112038703,1
2022-08-15,0.003560841409165312,1
2022-08-16,0.005497276348939696,1
2022-08-17,-0.003697559891368752,1
2022-08-18,0.013048234440422333,1
2022-08-19,-0.00995245466641618,1
2022-08-22,-0.0067630509204189655,1
2022-08-23,0.002859689492727049,1
2022-08-24,-0.013146452869087843,1
2022-08-25,-0.012572673537992948,1
2022-08-26,-0.002037447350220201,1
2022-08-29,0.008921106269993736,1
2022-08-30,0.0033211997239528434,1
2022-08-31,-0.019655190971621245,0
2022-09-01,0.003175391711620857,0
2022-09-02,0.018210973264609378,0
2022-09-05,-0.006310416558674144,0
2022-09-06,0.0005483430687267497,0
2022-09-07,0.007290132449520072,0
2022-09-08,-0.004912058841561064,0
2022-09-09,-0.00977883494483222,0
2022-09-13,0.0008914702345062157,0
2022-09-14,0.004167689479342096,0
2022-09-15,-0.014378983542466271,0
2022-09-16,0.005515709468315845,0
2022-09-19,-0.010870305578830834,0
2022-09-20,0.008763963198701388,0
2022-09-21,0.002526586700404427,0
2022-09-22,0.005910865262758941,0
2022-09-23,-0.01494045139772087,0
2022-09-26,-0.0017838789675909059,0
2022-09-27,0.009588933283720832,0
2022-09-28,-0.010112275283835629,0
2022-09-29,0.00011456218928199011,0
2022-09-30,-0.010934441277913046,0
2022-10-10,-0.00804375102082601,0
2022-10-11,0.0002043532772183559,0
2022-10-12,0.01905209050813039,0
2022-10-13,0.017213253356318525,0
2022-10-14,0.0011104305303906263,0
2022-10-17,0.01442663949282702,1
2022-10-18,0.00699600725170888,1
2022-10-19,0.005187108459788471,1
2022-10-20,0.011700816997422226,1
2022-10-21,0.0011282720590255154,1
2022-10-24,0.01714403473361093,1
2022-10-25,-0.0007615950831043714,1
2022-10-26,0.01712320170918975,1
2022-10-27,0.0021604154039077885,1
2022-10-28,-0.009056248049899789,1
2022-10-31,0.025507482521261136,1
2022-11-01,-0.006179127447101109,1
2022-11-02,0.002932571164204702,1
2022-11-03,0.013968628038862493,1
2022-11-04,-0.01321968064578264,1
2022-11-07,-0.0013919654097181346,1
2022-11-08,0.0020592924104975933,1
2022-11-09,0.0031375124677089595,1
2022-11-10,-0.003391056335859146,1
2022-11-11,-0.016554391255401216,1
2022-11-14,-0.001083621656303475,1
2022-11-15,0.009201577885045251,1
2022-11-16,0.0031336035409823717,1
2022-11-17,0.010999236694591377,1
2022-11-18,-0.00019900362284183681,1
2022-11-21,0.006782442910623788,1
2022-11-22,-0.012260793621143526,1
2022-11-23,-0.004449787085466136,1
2022-11-24,0.0011167103314549678,1
2022-11-25,-0.0138287679509529,1
2022-11-28,0.0020410302546085618,0
2022-11-29,-0.009002323871165646,0
2022-11-30,-0.005752352860102981,0
2022-12-01,0.008503555661983807,0
2022-12-02,0.01025138750342111,0
2022-12-05,-0.009472530167779276,0
2022-12-06,-0.00171729988599561,0
2022-12-07,0.0008842582111879414,0
2022-12-08,-0.0067932805930745075,0
2022-12-09,-0.0034605893209981252,0
2022-12-12,0.010224965547311246,0
2022-12-13,-0.00850634851782108,0
2022-12-14,-0.0019449900890824785,0
2022-12-15,0.008675086593857404,0
2022-12-16,-0.01398380300166924,0
2022-12-19,-0.004433571805985043,0
2022-12-20,0.008733706778417078,0
2022-12-21,-0.008397903076379182,0
2022-12-22,-0.010182193590197045,0
2022-12-23,0.0004599967674096279,0
2022-12-26,0.012148555621615336,0
2022-12-27,-0.003369218146579072,0
2022-12-28,-0.0036524897375521783,0
2022-12-29,0.002861094957825298,0
2022-12-30,-0.0019443618458439365,0
2023-01-03,0.01950696192901833,0
2023-01-04,0.001319753163865879,0
2023-01-05,-0.004010919409720232,0
2023-01-06,-0.00014427658666858008,0
2023-01-09,0.0015109398617518567,1
2023-01-10,0.0049060906935278975,0
2023-01-11,-0.004873413424059457,1
2023-01-12,0.0012440992375036344,1
2023-01-13,-0.0065705896592562875,0
2023-01-16,0.0036772583811909842,1
2023-01-17,0.006691390440266537,1
2023-01-18,0.004150057231109835,1
2023-01-19,0.006661857845169505,1
2023-01-20,-0.0014267740344021665,1
2023-01-30,0.005608825012158116,1
2023-01-31,0.004959646916230418,1
2023-02-01,0.009309203638267503,1
2023-02-02,0.009634577082490995,1
2023-02-03,0.009833639968774361,1
2023-02-06,0.009256536005049583,1
2023-02-07,0.00835850370079403,1
2023-02-08,-0.004069359525411373,1
2023-02-09,0.009528164708223747,1
2023-02-10,0.004775262171087681,1
2023-02-13,0.007533004712082656,1
2023-02-14,-0.0014489752899323688,1
2023-02-15,0.010594412745741577,1
2023-02-16,-0.012291226859019637,1
2023-02-17,-0.0034232261964929466,1
2023-02-20,-0.004253812734323636,1
2023-02-21,-0.0021678748094818936,1
2023-02-22,0.008241937515505872,1
2023-02-23,-0.0014151581620818155,1
2023-02-24,0.008001025807868139,1
2023-02-27,-0.004739131329046194,1
2023-02-28,0.004660027758416988,1
2023-03-01,0.00018100476320068518,1
2023-03-02,-0.0029537346761406963,1
2023-03-03,-0.0015917467230125333,1
2023-03-06,0.008608193780433758,1
2023-03-07,-0.009147676620440292,1
2023-03-08,0.010796130140967825,1
2023-03-09,0.00442468592428701,1
2023-03-10,0.004185597397144913,1
2023-03-13,-0.00563138198720189,1
2023-03-14,0.0034662718997428917,1
2023-03-15,0.001295854804476409,1
2023-03-16,-0.002784792968993805,1
2023-03-17,0.0068372422031783625,1
2023-03-20,0.00831961988384639,1
2023-03-21,0.005295068966247569,1
2023-03-22,0.0064692454941442795,1
2023-03-23,-0.0038165137286991137,1
2023-03-24,0.0075011579989869796,1
2023-03-27,0.008023101046638614,1
2023-03-28,-0.012813423969903568,1
2023-03-29,0.003935097203826686,1
2023-03-30,-0.006835420263667393,1
2023-03-31,0.003948486304140783,1
2023-04-03,0.005098128678004601,1
2023-04-04,-0.004696288631255622,1
2023-04-06,0.011294573462813191,1
2023-04-07,0.007461541436224873,1
2023-04-10,0.0006852090147677356,1
2023-04-11,0.002263480837012244,1
2023-04-12,0.006279872362057061,1
2023-04-13,-0.0025698221998962777,1
2023-04-14,0.004579038887911141,1
2023-04-17,-0.01075970157071457,1
2023-04-18,0.0008169672659962203,1
2023-04-19,0.01053586206041558,1
2023-04-20,0.006514884000577092,1
2023-04-21,-0.006803598280629604,1
2023-04-24,0.002233755926520099,1
2023-04-25,-0.013985965838345481,1
2023-04-26,0.004306664742329288,1
2023-04-27,-0.005258768055523861,1
2023-04-28,0.0034952427014915185,1
2023-05-04,-0.0050195517006907135,1
2023-05-05,-0.005630038763175928,1
2023-05-08,-0.004916143328382727,1
2023-05-09,-0.004440621015704097,0
2023-05-10,0.010666634801363924,0
2023-05-11,0.003757705795941747,0
2023-05-12,0.0035923466303001868,0
2023-05-15,-0.001477421388425517,0
2023-05-16,0.0033074095318553153,0
2023-05-17,0.010776932287129504,1
2023-05-18,0.007914373564870887,1
2023-05-19,0.0064746618591210465,1
2023-05-22,-0.00021868484656893152,1
2023-05-23,0.004268749647469447,1
2023-05-24,0.01334670091399584,1
2023-05-25,0.002451818995469264,1
2023-05-26,0.006715564479565516,1
2023-05-29,0.006060495508559313,1
2023-05-30,0.002585425789498929,1
2023-05-31,0.008068206126847586,1
2023-06-01,0.002691304667920804,1
2023-06-02,-0.006524988530681457,1
2023-06-05,0.003523066412463775,1
2023-06-06,-0.010641777021373406,1
2023-06-07,0.0041932275107860835,1
2023-06-08,-0.011573829250081751,1
2023-06-09,0.008095868004005028,1
2023-06-12,0.004952015602410216,1
2023-06-13,-2.808859431757075e-05,1
2023-06-14,0.0030974122382357912,1
2023-06-15,-0.00590812643150349,1
2023-06-16,0.0010450452752709689,1
2023-06-19,0.006594883923797091,1
2023-06-20,0.00021750804804913405,1
2023-06-21,-0.005192418181775569,1
2023-06-26,-0.000692489690245943,1
2023-06-27,-0.003160604485052513,1
2023-06-28,-0.005944471956587805,0
2023-06-29,0.008807753801738084,1
2023-06-30,0.006844340987632743,1
2023-07-03,-0.00515159170139499,0
2023-07-04,0.008016535925299242,1
2023-07-05,-0.002094981109179309,1
2023-07-06,0.005842420412873724,1
2023-07-07,-0.0028934567299370565,1
2023-07-10,-0.003014713211762397,1
2023-07-11,0.005030873480692216,1
2023-07-12,-0.007235174139454719,1
2023-07-13,0.00028646581000636197,1
2023-07-14,0.0004885385737350427,1
2023-07-17,0.001263562237129894,1
2023-07-18,0.00023631960127771124,1
2023-07-19,-0.0046091039116422546,0
2023-07-20,-0.0047193652475655355,0
2023-07-21,-0.003907999379364803,0
2023-07-24,0.0028493569588011252,0
2023-07-25,-0.008032844904504958,0
2023-07-26,-0.003858677574022611,0
2023-07-27,-0.005957862010670555,0
2023-07-28,-0.009680300954914097,0
2023-07-31,-0.0005633202330608865,0
2023-08-01,0.004245542211016486,0
2023-08-02,0.008212365406210191,0
2023-08-03,-0.00920354940844383,0
2023-08-04,0.0032883553327659122,0
2023-08-07,0.005033432051074103,0
2023-08-08,-0.0021994054251874553,0
2023-08-09,-0.002196413533381075,0
2023-08-10,-0.003270917106588956,0
2023-08-11,0.00317533887697544,0
2023-08-14,0.005099164745335346,0
2023-08-15,-0.007165913693263007,0
2023-08-16,-0.0034825313885822155,0
2023-08-17,0.00807706508374107,0
2023-08-18,-0.002060637757767894,0
2023-08-21,0.005843332572960484,0
2023-08-22,-0.004302734754269142,0
2023-08-23,-0.004623449419878942,0
2023-08-24,0.0008703863492656363,0
2023-08-25,-0.015582291215793532,0
2023-08-28,-0.0015656198042611012,0
2023-08-29,0.02731918726088163,1
2023-08-30,0.010295983686668397,1
2023-08-31,0.003715422404368477,1
2023-09-01,-0.008183908830732388,1
2023-09-04,-0.0008977977431528401,1
2023-09-05,0.003925006441759986,1
2023-09-06,0.007118306549816942,1
2023-09-07,-0.0063532604762687635,1
2023-09-08,0.007278810353735976,1
2023-09-11,0.0040356835694796145,1
2023-09-12,0.003014696335817956,1
2023-09-13,-0.005823058386860422,1
2023-09-14,-0.007193822327043138,1
2023-09-15,0.005703188203955886,1
2023-09-18,-0.004614050960304973,1
2023-09-19,-0.00810364970890079,1
2023-09-20,-0.003483912339472317,1
2023-09-21,0.0027632580916628112,1
2023-09-22,0.012322620642632317,1
2023-09-25,-0.0006270964335066643,1
2023-09-26,-0.0012481910395700478,1
2023-09-27,0.004756762175352343,1
2023-09-28,0.012289038992273894,1
2023-10-09,-0.001927297870310771,1
2023-10-10,0.009104286613504155,1
2023-10-11,0.0014247202005168897,1
2023-10-12,-0.0007260147873370069,1
2023-10-13,0.004859995542297814,1
2023-10-16,-0.004954841774256618,1
2023-10-17,-0.004141229240846187,1
2023-10-18,-0.007093642573076358,1
2023-10-19,0.008847545684738275,1
2023-10-20,-0.003771282453478065,1
2023-10-23,-0.013121907824945503,1
2023-10-24,0.014804684265682825,1
2023-10-25,0.001335059789931886,1
2023-10-26,0.003604155594113006,1
2023-10-27,0.007801115324726998,1
2023-10-30,0.013913730401351267,1
2023-10-31,-0.0034053355385825395,1
2023-11-01,0.0009676139337375955,1
2023-11-02,-0.007755918255924568,1
2023-11-03,0.009287540586391573,1
2023-11-06,0.009126034663838007,1
2023-11-07,0.006886676666266252,1
2023-11-08,0.0019463066723572763,1
2023-11-09,-0.00655059996572083,1
2023-11-10,0.0021566670868484643,1
2023-11-13,0.007684661554502981,1
2023-11-14,0.005205344333152725,1
2023-11-15,-0.0004202655760343734,1
2023-11-16,-0.00232539244579188,1
2023-11-17,0.008525774165128827,1
2023-11-20,0.004671324416527402,1
2023-11-21,-0.0060999137416612335,1
2023-11-22,-0.005063484344923694,1
2023-11-23,0.005111005563225629,1
2023-11-24,-0.008748442451494325,1
2023-11-27,0.009301732315426529,1
2023-11-28,0.003990142397102932,1
2023-11-29,0.0036569253940784653,1
2023-11-30,-0.006573039194827587,1
2023-12-01,0.006556213544539908,1
2023-12-04,0.003038551245922315,1
2023-12-05,1.0617835388321978e-05,1
2023-12-06,0.005479387548489768,1
2023-12-07,0.0029916656828115175,1
2023-12-08,0.001694557459038317,1
2023-12-11,0.005758081759401882,1
2023-12-12,-4.9842803319239065e-05,1
2023-12-13,0.005111213807981857,1
2023-12-14,0.0015413322339848886,1
2023-12-15,-0.0024522802269310038,1
2023-12-18,-0.011239704972021033,1
2023-12-19,0.0011264544941902445,1
2023-12-20,-0.002660674559354365,1
2023-12-21,-0.0013005390743717465,1
2023-12-22,-0.008794423243688407,1
2023-12-25,-0.002547549778481051,1
2023-12-26,-0.007148647084530446,0
2023-12-27,0.002461287244904466,0
2023-12-28,0.0014944113299320133,1
2023-12-29,0.008413547864571942,1
2024-01-02,0.000492714169479761,1
2024-01-03,-0.00530838650267448,0
2024-01-04,0.0026445441285075687,0
2024-01-05,-0.01209379325925012,0
2024-01-08,-0.010310690469016087,0
2024-01-09,-0.000350899159973691,0
2024-01-10,-0.0013027201364274156,0
2024-01-11,0.01495901205364927,0
2024-01-12,-0.0039564702368575025,0
2024-01-15,-0.0012024012058968862,0
2024-01-16,-0.008494887137017444,0
2024-01-17,-0.008397348136509407,0
2024-01-18,-0.008227189147926089,0
2024-01-19,-0.00765628019251541,0
2024-01-22,-0.028309511345316365,0
2024-01-23,0.010874390227431497,0
2024-01-24,-0.005151245576650117,0
2024-01-25,0.009814138368912047,0
2024-01-26,-0.011447101222683626,0
2024-01-29,-0.018132656795653013,0
2024-01-30,-0.010230133989406271,0
2024-01-31,-0.021874571880809133,0
2024-02-01,-0.0011908079710629027,0
2024-02-02,-0.026982424238188023,0
2024-02-05,-0.05054758200240674,0
2024-02-06,0.04433438060850002,0
2024-02-07,0.03723611398962141,0
2024-02-08,0.02679888704310604,0
2024-02-19,-0.004362833446766154,0
2024-02-20,-0.0010929792656139657,0
2024-02-21,-0.0038931415463023386,0
2024-02-22,0.003399281361197482,0
2024-02-23,0.0148569904284871,0
2024-02-26,0.017982489660984403,0
2024-02-27,0.014290329153960796,1
2024-02-28,-0.028092883022711367,0
2024-02-29,0.019693308266678512,1
2024-03-01,0.007741105557188051,1
2024-03-04,0.004228056913673082,1
2024-03-05,-0.015387644306943352,1
2024-03-06,0.004879086399016651,1
2024-03-07,-0.0092981326221402,1
2024-03-08,0.009324496571695162,1
2024-03-11,0.010660317305539289,1
2024-03-12,0.006410792076837413,1
2024-03-13,0.008569575928996088,1
2024-03-14,-0.004471724604036168,1
2024-03-15,0.010412969634055042,1
2024-03-18,0.0059263421059284616,1
2024-03-19,0.0022898512584904884,1
2024-03-20,0.0063256548732828,1
2024-03-21,-0.00012842305078721592,1
2024-03-22,-0.0033358355105810623,1
2024-03-25,-0.01490866396953774,1
2024-03-26,-0.007079840030336836,1
2024-03-27,-0.021503484763936105,1
2024-03-28,0.01318089323923922,1
2024-03-29,0.007342706959462655,1
2024-04-01,0.004648486703181709,1
2024-04-02,-0.003955559497323961,1
2024-04-03,-0.005786087741909572,1
2024-04-08,-0.01139985023045681,1
2024-04-09,0.01329148262771892,1
2024-04-10,-0.01129878679875482,0
2024-04-11,-0.003139484535720048,0
2024-04-12,-0.0003402983986351563,0
2024-04-15,-0.017211217162758044,0
2024-04-16,-0.02580662292186444,0
2024-04-17,0.02564003426412229,0
2024-04-18,0.001454021078874063,0
2024-04-19,-0.004018166925219084,0
2024-04-22,0.008904159930691326,0
2024-04-23,0.012151614426056211,0
2024-04-24,0.012160153990668427,0
2024-04-25,6.390514531869258e-06,0
2024-04-26,0.01414965628314237,1
2024-04-29,0.017835229340746148,1
2024-04-30,-0.00447763686998315,1
2024-05-06,0.004832602390563384,1
2024-05-07,0.0007530681151235452,1
2024-05-08,-0.008434235667219193,1
2024-05-09,0.007466681625228766,1
2024-05-10,-0.012604226954837143,1
2024-05-13,-0.01326061872897365,1
2024-05-14,0.0038762308924783564,1
2024-05-15,-0.0014986134320596044,1
2024-05-16,-0.0002605860536156145,1
2024-05-17,0.009924666625652096,1
2024-05-20,-0.002833823421776971,1
2024-05-21,-0.005393204794263313,1
2024-05-22,0.0025619014204069654,1
2024-05-23,-0.006592272423042913,1
2024-05-24,-0.00514750721265075,1
2024-05-27,-0.001007626139707148,0
2024-05-28,0.00025075281532481886,1
2024-05-29,-0.0014437970032114482,0
2024-05-30,0.008152012833455277,0
2024-05-31,0.009523195296532672,0
2024-06-03,-0.004713633034011528,0
2024-06-04,-0.0032270181614455122,0
2024-06-05,-0.0006666794950245542,0
2024-06-06,-0.017031320445713427,0
2024-06-07,0.0009610432459777139,0
2024-06-11,0.021950514056268557,1
2024-06-12,0.0007529864990828907,1
2024-06-13,0.0035090873248146705,1
2024-06-14,-0.0020436645394744267,1
2024-06-17,0.0032058325205885103,1
2024-06-18,0.0007255653185410573,1
2024-06-19,-0.008236738329630254,1
2024-06-20,-0.009156792915223363,0
2024-06-21,0.0005173259400703631,0
2024-06-24,-0.0220059415371623,0
2024-06-25,-0.011809685681290798,0
2024-06-26,0.01868513309788334,0
2024-06-27,-0.013316761383600145,0
2024-06-28,-0.002218348687763971,0
2024-07-01,-0.0030497953146321893,0
2024-07-02,-0.002751132086683295,0
2024-07-03,-0.00017972815241206527,0
2024-07-04,-0.01173665581782109,0
2024-07-05,0.007949046992194123,0
2024-07-08,-0.014911972602014316,0
2024-07-09,0.013774078007232791,0
2024-07-10,0.003147545982975066,0
2024-07-11,0.013138214768979731,0
2024-07-12,0.0005908352475399417,0
2024-07-15,-0.014112184436259407,0
2024-07-16,-0.0006153702627378259,0
2024-07-17,-0.008157967686351875,0
2024-07-18,-0.0035257183853372657,0
2024-07-19,0.0032207469729063397,0
2024-07-22,0.007095837416530865,0
2024-07-23,-0.010530207590892408,0
2024-07-24,-0.009994333004247857,0
2024-07-25,0.007423050132788913,0
2024-07-26,0.009790793708279129,0
2024-07-29,-0.0011951103450290102,0
2024-07-30,0.010409599665604726,1
2024-07-31,0.023261063524421813,1
2024-08-01,0.001277271235822618,1
2024-08-02,-0.007407197982793419,1
2024-08-05,-0.011956331840805811,1
2024-08-06,0.01237824288005314,1
2024-08-07,-0.0018149956038131785,1
2024-08-08,-0.0014718777205863923,1
2024-08-09,-0.004239940297666047,0
2024-08-12,-0.004826632434623346,1
2024-08-13,0.002011617970968615,1
2024-08-14,-0.0016705346915441635,1
2024-08-15,-0.00016946309992390413,1
2024-08-16,-0.006476970404248721,1
2024-08-19,-0.004423399234758971,1
2024-08-20,-0.007121588719183622,1
2024-08-21,0.0015852708399715833,1
2024-08-22,-0.009884900525468124,0
2024-08-23,-0.004783403826067978,0
2024-08-26,0.005868150818834572,0
2024-08-27,-0.0060133580986164595,0
2024-08-28,0.009032464517095348,0
2024-08-29,0.02210192139454575,0
2024-08-30,0.008357381961413642,0
2024-09-02,-0.010333643745250289,0
2024-09-03,0.009353897825458058,0
2024-09-04,0.003082264611119211,0
2024-09-05,0.004634729363059776,1
2024-09-06,-0.010664900669675783,0
2024-09-09,0.005221337316233484,1
2024-09-10,0.004438908507019468,1
2024-09-11,0.008511618870007686,1
2024-09-12,-0.0006252040182454697,1
2024-09-13,-0.01015522461497255,1
2024-09-18,-0.007412921687169538,1
2024-09-19,0.008899376013092347,1
2024-09-20,-0.008040704774728274,1
2024-09-23,-0.005423839354945408,1
2024-09-24,0.006053219507336199,1
2024-09-25,-0.0038485686259741103,1
2024-09-26,0.0061378287930949765,1
2024-09-27,0.022230863773168227,1
2024-09-30,0.04656546973854743,1
2024-10-08,0.06225660488910957,1
2024-10-09,0.0004051661309009552,1
2024-10-10,-0.02671126857157708,1
2024-10-11,-0.018159673302935362,1
2024-10-14,0.014254500599518681,1
2024-10-15,0.004289160438896929,1
2024-10-16,0.0026493142454376353,1
2024-10-17,0.006424283555233171,1
2024-10-18,0.020245100406289934,1
2024-10-21,0.012356658947631001,1
2024-10-22,0.004238551650686567,1
2024-10-23,0.004515573553971056,1
2024-10-24,0.004280614056317799,1
2024-10-25,0.014549722989377149,1
2024-10-28,0.006538402951471733,1
2024-10-29,-0.004950348142139316,1
2024-10-30,0.00694821044048201,1
2024-10-31,0.011958051769350424,1
2024-11-01,-0.017617248091715033,1
2024-11-04,0.010947970555285944,1
2024-11-05,0.009033366565855693,1
2024-11-06,0.00592501736700736,1
2024-11-07,-0.006387342313339081,1
2024-11-08,0.014441360394846958,1
2024-11-11,0.02549182164328917,1
2024-11-12,0.0008428738782735729,1
2024-11-13,-0.00463160816734098,1
2024-11-14,-0.010794091142119499,1
2024-11-15,-0.007688736394379961,1
2024-11-18,-0.009706263247988917,1
2024-11-19,0.01744575384181744,1
2024-11-20,0.009379461915506693,1
2024-11-21,-0.0006045724218943515,1
2024-11-22,-0.00614203124362836,1
2024-11-25,0.008594031369232848,1
2024-11-26,-0.006427878965670486,1
2024-11-27,0.005023978069305598,1
2024-11-28,0.0027640931274712545,1
2024-11-29,0.007706649931567385,1
2024-12-02,0.009307054844214799,1
2024-12-03,-0.0034533524210276197,1
2024-12-04,-0.004312445310332943,1
2024-12-05,0.007107100657804217,1
2024-12-06,0.002242743411316443,1
2024-12-09,-0.002838630155174231,1
2024-12-10,0.0054268003301474466,1
2024-12-11,0.01153823702687384,1
2024-12-12,-0.0021173379668438536,1
2024-12-13,0.0026138893162385123,1
2024-12-16,-0.003862339067348163,1
2024-12-17,-0.014268076152225705,1
2024-12-18,0.005875060364904745,1
2024-12-19,0.006638685373360615,1
2024-12-20,0.013227255672947667,1
2024-12-23,-0.01754813105050188,1
2024-12-24,0.0019134757491667959,1
2024-12-25,-0.00894271086283803,1
2024-12-26,0.01357723741405394,1
2024-12-27,0.0013072293181897398,1
2024-12-30,-0.004359842614462086,1
2024-12-31,-0.011653821137979088,1
2025-01-02,0.002998720670965422,1
2025-01-03,-0.00980712329551954,0
2025-01-06,0.0022764715883771547,0
2025-01-07,0.007407435861885036,1
2025-01-08,-0.0008610261656685986,0
2025-01-09,0.008512404272888727,0
2025-01-10,-0.0029952724000070347,0
2025-01-13,0.008019945676389346,0
2025-01-14,0.013608405636172535,1
2025-01-15,-0.0019018731597652359,1
2025-01-16,0.0008983638420305617,1
2025-01-17,0.0034441054647820595,1
2025-01-20,0.004458130928482113,1
2025-01-21,0.007231972305088628,1
2025-01-22,0.001301582034394901,1
2025-01-23,-0.005418474336746,1
2025-01-24,0.006518853603253716,1
2025-01-27,-0.0077355559062952176,1
2025-02-05,0.010339305356789568,1
2025-02-06,0.014264685685138967,1
2025-02-07,0.003487539068131618,1
2025-02-10,0.010009749260567146,1
2025-02-11,-0.002520609362496896,1
2025-02-12,0.006669623508902873,1
2025-02-13,-0.004354604337533162,1
2025-02-14,-0.00022214012247485058,1
2025-02-17,0.004168459653240422,1
2025-02-18,-0.00264764950226116,1
2025-02-19,0.014204622799494446,1
2025-02-20,0.00567506976794738,1
2025-02-21,0.007838996888715906,1
2025-02-24,0.002561235182984283,1
2025-02-25,0.006019487842631124,1
2025-02-26,0.007884441827671023,1
2025-02-27,-0.003678893213776896,1
2025-02-28,-0.006734007230912487,1
2025-03-03,0.004750284655507065,1
2025-03-04,0.008048532563952885,1
2025-03-05,-0.0009278285485312667,1
2025-03-06,0.004343747911088255,1
2025-03-07,-0.0003866969995492413,1
2025-03-10,0.005487098763344016,1
2025-03-11,0.0006894591944360119,1
2025-03-12,0.002793281314848151,1
2025-03-13,-0.002552044410380163,1
2025-03-14,-0.0015388724910217859,1
2025-03-17,0.002624320812267631,1
2025-03-18,0.0010590242179373082,1
2025-03-19,-0.0015144357449452073,1
2025-03-20,0.00022878790867345185,1
2025-03-21,0.0006853536881820353,1
2025-03-24,-0.004255860624965359,1
2025-03-25,-0.0007114296042720288,1
2025-03-26,0.0012201098517414925,1
2025-03-27,0.001037198598608462,1
2025-03-28,-0.004673628126205467,1
2025-03-31,-0.0010890273221884168,1
2025-04-01,0.0080210949875568,1
2025-04-02,0.001915519280341874,1
2025-04-03,-0.0020615021487994933,1
2025-04-07,-0.03282490957764994,0
2025-04-08,-0.003217592411801317,0
2025-04-09,0.006529433020914103,0
2025-04-10,0.00593595198288251,0
2025-04-11,0.013126592515031482,0
2025-04-14,0.007436907386008955,0
2025-04-15,-0.0023570949796716725,0
2025-04-16,-0.015979172986511865,0
2025-04-17,-0.000688503402263108,0
2025-04-18,-0.0005890772001362441,0
2025-04-21,0.015556552343941071,0
2025-04-22,0.0008045174768520201,0
2025-04-23,0.0076806647327672655,1
2025-04-24,-0.0015507352149067948,1
2025-04-25,0.002916018412506278,1
2025-04-28,-0.003031442945763308,1
2025-04-29,0.005641019046678435,1
2025-04-30,0.007071847662801043,1
2025-05-06,0.010389093346950718,1
2025-05-07,-0.001093195805671349,1
2025-05-08,0.002600754883512535,1
2025-05-09,-0.00792572165050485,1
2025-05-12,0.0017929471317866142,1
2025-05-13,-0.0017118285730695851,1
2025-05-14,-0.006614450595396703,1
2025-05-15,-0.004158780749641114,1
2025-05-16,0.00502403384848878,1
2025-05-19,0.0048325554577370415,1
2025-05-20,0.0021297393231620343,1
2025-05-21,-0.003254608199805282,1
2025-05-22,-0.005916400702520598,1
2025-05-23,2.6598806785228107e-05,1
2025-05-26,0.00613915967915939,1
2025-05-27,0.001893702301191774,1
2025-05-28,-0.00047379316272782435,1
2025-05-29,0.006884464628697897,1
2025-05-30,-0.00499280152397076,1
2025-06-03,0.0029908126143982465,1
2025-06-04,0.005207398161462414,1
2025-06-05,0.00547931053059114,1
2025-06-06,0.0006909191212964113,1
2025-06-09,0.004838302165350945,1
2025-06-10,-0.00407792455364216,1
2025-06-11,-0.0017982814749370867,1
2025-06-12,-0.0009245182248648543,1
2025-06-13,-0.005365288319210997,1
2025-06-16,0.00011723049470254874,1
2025-06-17,-0.0007936260986163608,1
2025-06-18,0.0004187777567791302,1
2025-06-19,-0.001581142222592858,1
2025-06-20,-0.004286639410654084,1
2025-06-23,0.005573351016287546,1
2025-06-24,0.008851544123090851,1
2025-06-25,-7.388269305332908e-05,1
2025-06-26,-0.0026389769024973086,1
2025-06-27,0.008667095820563332,1
2025-06-30,0.005116099095233094,1
2025-07-01,0.0015704737090313236,1
2025-07-02,-0.00336055111461259,1
2025-07-03,-0.0011120524683213978,1
2025-07-04,-0.006255502091015023,1
2025-07-07,0.004400299565016764,1
2025-07-08,0.006394916259037655,1
2025-07-09,0.0014605849610051624,1
2025-07-10,7.59689017203009e-05,1
2025-07-11,0.0022586776533234983,1
2025-07-14,0.000719113111373688,1
2025-07-15,-0.0009907496929396798,1
2025-07-16,0.006196195106772948,1
2025-07-17,0.0017188530750496898,1
2025-07-18,-0.0020604564986139015,1
2025-07-21,0.005411106452636946,1
2025-07-22,0.0029125246081794197,1
2025-07-23,0.0013446909360938673,1
2025-07-24,0.007528687170040495,1
2025-07-25,0.004176220837041336,1
2025-07-28,-0.0006426490903126635,1
2025-07-29,0.0011509508360645938,1
2025-07-30,-0.006611885706750461,1
2025-07-31,0.004631123799370992,1
2025-08-01,0.007244755094580047,1
2025-08-04,0.004082227172210919,1
2025-08-05,-0.000332438909992374,1
2025-08-06,0.0049593943113391045,1
2025-08-07,-0.001708590159989328,1
2025-08-08,-0.0004012833989936776,1
2025-08-11,0.009500161132893068,1
2025-08-12,-0.001129160658729473,1
2025-08-13,0.0036140213855897774,1
2025-08-14,-0.007210986738268384,1
2025-08-15,0.01124948855213306,1
2025-08-18,0.007360271897766231,1
2025-08-19,-0.0013845088159007274,1
2025-08-20,-0.003254830111317473,1
2025-08-21,-0.004316758069971362,1
2025-08-22,-0.0023120441567425452,1
2025-08-25,-0.0052116435217470745,1
2025-08-26,0.004103409651843868,1
2025-08-27,-0.00018770728078705036,1
2025-08-28,-0.0026960062748489916,1
2025-08-29,-0.002317745745464203,1
2025-09-01,0.002926523807480194,1
2025-09-02,-0.006354654623955222,1
2025-09-03,-0.00307284941797009,0
2025-09-04,0.005110891223536276,1
2025-09-05,0.005069486509134108,1
2025-09-08,0.007887696021723452,1
2025-09-09,-0.0008932826471268786,1
2025-09-10,-0.005095181953171328,0
2025-09-11,0.0005599512837810815,1
2025-09-12,0.007962783833493338,1
2025-09-15,0.0007429336311633057,0
2025-09-16,0.006280876998849189,1
2025-09-17,0.004555288389370716,1
2025-09-18,0.0035627655342218567,1
2025-09-19,0.0005241896326679002,1
2025-09-22,-0.0061136177999332264,1
2025-09-23,-0.004481468827669902,1
2025-09-24,0.010845683089844618,1
2025-09-25,-0.005558939667688686,1
2025-09-26,0.0007009220370841228,1
2025-09-29,-0.0050415717177601325,1
2025-09-30,0.0017154516504657704,1
2025-10-09,0.0002931996758024531,1
2025-10-10,0.011398999622530378,1
2025-10-13,0.0007392383959515312,1
2025-10-14,-0.0017122269593163146,1
2025-10-15,-0.0009110157108439387,1
2025-10-16,-0.007873738532144818,1
2025-10-17,0.00033744230225835406,1
2025-10-20,0.006011591015940813,1
2025-10-21,9.307777634846685e-05,1
2025-10-22,-0.0016539622994752416,1
2025-10-23,0.00014214326457208078,1
2025-10-24,-0.0057677260379115506,0
2025-10-27,-0.002444349582226642,0
2025-10-28,0.0056751996345990405,1
2025-10-29,0.000213903355494054,1
2025-10-30,0.0028540707367265645,0
2025-10-31,0.014744388771324276,1
2025-11-03,-7.807427800296746e-05,1
2025-11-04,-0.00264537636469378,1
2025-11-05,0.003536104883577296,1
2025-11-06,-0.005668022114213599,1
2025-11-07,0.0016206261656453514,1
2025-11-10,0.0025604350357230033,1
2025-11-11,0.008572879813600488,1
2025-11-12,-0.0026592395862859775,1
2025-11-13,0.0005307880245341255,1
2025-11-14,0.006373822411016769,1
2025-11-17,0.0047020204451750265,1
2025-11-18,-0.001283297698581336,1
2025-11-19,-0.007047062410005604,1
2025-11-20,-0.0011905356852670345,1
2025-11-21,-0.0009888783129267421,1
2025-11-24,0.010736292864915894,1
2025-11-25,-0.0020884279237007863,1
2025-11-26,-0.0038914859679590333,1
2025-11-27,-0.0006482387615098849,1
2025-11-28,0.0031319460446260355,1
2025-12-01,-0.002846513789953072,1
2025-12-02,0.0008644163887082694,1
2025-12-03,0.0020283428198147077,1
2025-12-04,-0.0032020168413375836,1
2025-12-05,0.0054008161242576685,1
2025-12-08,-0.0034179063691941207,1
2025-12-09,-0.0008695039413734338,1
2025-12-10,0.00402948554445343,1
2025-12-11,0.0007609000136514048,1
2025-12-12,0.006264085359714037,1
2025-12-15,-0.0003525805496424842,1
2025-12-16,-0.001275382851358196,1
2025-12-17,-0.007427246094518735,1
2025-12-18,0.002059043591125727,1
2025-12-19,0.005346401095105907,1
2025-12-22,-0.0027960750008671426,1
2025-12-23,-0.0028434387235867194,1
2025-12-24,0.003959105257037403,1
2025-12-25,0.004798634758728819,1
2025-12-26,-0.0009296741852038979,1
2025-12-29,-0.0023413233551643252,1
2025-12-30,-0.0037198239842718135,1
2025-12-31,0.0009418809815637143,1
2026-01-05,0.0024989267758899446,1
2026-01-06,-0.0024514739749675434,1
2026-01-07,0.0021367572165838004,1
2026-01-08,0.007905680218579458,1
2026-01-09,0.007479229473631442,1
2026-01-12,0.005585038097310754,1
2026-01-13,-0.0013574413393573738,1
2026-01-14,0.006151861899440116,1
2026-01-15,0.0027598025479667384,1
2026-01-16,0.002424660891035181,1
2026-01-19,0.008357217484322619,1
2026-01-20,-0.0006907760779051559,1
2026-01-21,0.0048416984658106186,1
2026-01-22,0.004373272553468423,1
2026-01-23,0.012063886143362028,1
2026-01-26,-0.00604731202439916,1
2026-01-27,0.00032467145599739057,1
2026-01-28,-0.00023685694851739237,1
2026-01-29,-0.004131096845480591,1
2026-01-30,-0.00017514099503134102,1
2026-02-02,-0.004313221669922495,1
2026-02-03,0.006173493926167225,1
2026-02-04,0.002515796764326561,1
2026-02-05,0.0028292763655461206,1
2026-02-06,0.0023831701393945103,1
2026-02-09,-0.002442831452624779,1
2026-02-10,0.0006377920811361302,1
2026-02-11,0.0023040483661033264,1
2026-02-12,0.0005849444044542648,1
2026-02-13,0.0008734893787654945,1
2026-02-24,-0.0028243211132102635,1
2026-02-25,0.0067840521190362215,1
2026-02-26,-0.0023637521884704218,1
2026-02-27,0.005822504120943196,1
2026-03-02,-0.014602737350293542,0
2026-03-03,-0.01010281839810247,0
2026-03-04,-0.001510366096296704,0
2026-03-05,-0.004735335474714333,0
2026-03-06,0.01064614194004373,0
2026-03-09,0.0030036304138353585,1
2026-03-10,0.004719439665709724,1
2026-03-11,-0.001730277447693516,1
2026-03-12,0.002684247809498687,1
2026-03-13,0.00018777414490272863,1
2026-03-16,0.004603529979143107,1
2026-03-17,0.0023248971520868945,1
2026-03-18,-0.00204530562232977,1
2026-03-19,-0.00036432258102465226,1
2026-03-20,-0.006454066038132691,0
2026-03-23,-0.007490370145706679,0
2026-03-24,0.008707649453527408,0
2026-03-25,0.002044351603022819,0
2026-03-26,-0.001594175484608603,0
2026-03-27,0.007517089805607395,0
2026-03-30,0.0013877160368514834,1
2026-03-31,0.0012198348737835728,1
2026-04-01,0.003079013094866979,1
2026-04-02,-0.00630190095643344,1
2026-04-03,-0.0037876850470055113,1
2026-04-07,0.004183247207910868,1
2026-04-08,0.003477997001616537,1
2026-04-09,-0.007341333198620204,1
2026-04-10,-0.0009820240901002135,1
2026-04-13,-0.002685353764561092,0
2026-04-14,-0.0036386591472298817,0
2026-04-15,0.005848519406631989,0
2026-04-16,-0.001980542814958133,0
2026-04-17,-0.00019912831395874395,0
2026-04-20,-0.004329530110316533,0
2026-04-21,-0.000800878833727622,1
2026-04-22,-0.0022862124786330686,0
2026-04-23,0.0009990533126665365,0
2026-04-24,-0.004937337506411129,0
2026-04-27,0.000575613753913132,0
2026-04-28,-0.005561492085412162,0
2026-04-29,-0.002037107055265863,0
2026-04-30,0.0015867882328516579,0
2026-05-06,-0.0020082375998940333,0
2026-05-07,0.0015796962987727108,0
2026-05-08,0.007991555940438542,0
2026-05-11,-0.004819570287560193,0
2026-05-12,-0.0019013799554913908,0
2026-05-13,-0.007814600490825541,0
2026-05-14,0.0004742755330574694,0
2026-05-15,0.0006043647740951209,0
2026-05-18,-0.0032167465942437375,0
2026-05-19,0.0037106062483698464,0
2026-05-20,-0.007880622997482142,0
2026-05-21,-0.00018133701709339978,0
2026-05-22,-0.006754726819561622,0
2026-05-25,-0.007469269130821758,0
2026-05-26,-0.00485559893865147,0
2026-05-27,-0.0036601374872357144,0
2026-05-28,-0.004423265778654251,0
2026-05-29,0.0009165196079927917,0
2026-06-01,0.016606493833730165,0
2026-06-02,-0.01974443711226035,0
2026-06-03,-0.01226948792021682,0
2026-06-04,-0.006754642075223983,0
2026-06-05,0.012580426879180373,0
2026-06-08,-0.0010041576378433184,0
2026-06-09,-0.012996082665605365,0
2026-06-10,0.0061508378091353795,0
2026-06-11,-0.008672731406563008,0
2026-06-12,0.015025402618744764,0
2026-06-15,-0.007128375075719357,0
2026-06-16,-0.006028576561768516,0
2026-06-17,-0.015971532711174654,0
2026-06-18,-0.002773126024898217,0
2026-06-22,-0.018359749867581675,0
2026-06-23,0.008420726148447645,0
2026-06-24,-0.01573700843703509,0
2026-06-25,-0.014013060120419338,0
2026-06-26,-0.0037401668305024963,0
2026-06-29,0.001933136796202774,0
2026-06-30,-0.006821411952761052,0
2026-07-01,0.023985150669690345,0
2026-07-02,0.02588821689752854,0
2026-07-03,0.0097135156328431,0
2026-07-06,-0.0012900377719670634,0
2026-07-07,-0.012426078971365202,0
2026-07-08,0.003570752938116693,0
2026-07-09,-0.020929445157598328,0
2026-07-10,0.025366073011073874,0
2026-07-13,0.0041712801794158115,0
2026-07-14,-0.007048934324902915,0
2026-07-15,0.0237701650985061,1
2026-07-16,0.0214526222378874,1
2026-07-17,0.006896904445842567,1
2026-07-20,0.01026383154878652,1
2026-07-21,-0.022744512379957255,1
2026-07-22,0.0010746850399720098,1
2026-07-23,0.006676159174249649,1
2026-07-24,-0.011245324811309604,1
2026-07-27,0.01028027391859551,1
2026-07-28,0.015141394647137247,1
2026-07-29,0.016130976803131858,1
2026-07-30,0.011860438582082161,1
2026-07-31,0.0013740914615863898,1
2026-08-03,0.02307364418167615,1
2026-08-04,-0.006612300157496742,1
2026-08-05,-0.01559643361853335,1
