date,ls_ret_gross,ls_ret_net,cum_gross,cum_net
2020-02-06,0.004720536199519176,0.004720536199519176,0.004720536199519287,0.004720536199519287
2020-02-07,0.014814108772605023,0.014564108772605023,0.019604575508848976,0.019353395374799076
2020-02-10,-0.0022795964794109945,-0.0023795964794109943,0.017280288508127573,0.016927745623889656
2020-02-11,0.011321428482959672,0.011221428482959673,0.02879735454159693,0.028339127593745683
2020-02-12,-0.01605611104058181,-0.01615611104058181,0.012278869978820328,0.011725166460966108
2020-02-20,0.014629030480931332,0.013729030480931333,0.027087528422943263,0.025615172109634043
2020-02-28,0.04654479132338614,0.04554479132338614,0.07489310310424147,0.07232660110146605
2020-03-02,0.017737875066497245,0.017437875066497244,0.09395942267694402,0.09102569840195507
2020-03-03,0.0025973702143597456,0.0024473702143597456,0.09680084029712344,0.09369584219932503
2020-03-04,0.011329076219491686,0.011179076219491685,0.10922658061445212,0.10592235138021233
2020-03-05,0.000822042244982446,0.0006720422449824461,0.11013841172297467,0.10666557792001008
2020-03-06,-0.034623026456088064,-0.034673026456088066,0.07170206012397062,0.06829413305874765
2020-03-09,0.012448340815549897,0.012198340815549897,0.0850429726211206,0.08132554898505062
2020-03-10,-0.008987076757683132,-0.009187076757683132,0.07529160814078995,0.07139132816648108
2020-03-11,-0.02285603791935841,-0.022906037919358413,0.05071470237075615,0.04684999777702781
2020-03-12,-0.017403435529823243,-0.017453435529823244,0.03242865678780915,0.028578868831430793
2020-03-13,-0.040263638730213956,-0.04036363873021396,-0.009140677663815322,-0.012938317035613212
2020-03-16,-0.002496247133363888,-0.002596247133363888,-0.01161410740676394,-0.015500973100462834
2020-03-17,-0.018056751442260016,-0.018206751442260017,-0.029461145798356347,-0.03342550217836959
2020-03-18,-3.318097262389186e-06,-5.331809726238923e-05,-0.029464366140671494,-0.033477038091455746
2020-03-19,0.02056433668180412,0.02046433668180412,-0.00950594460430021,-0.013697786788264832
2020-03-20,-0.03079574530609242,-0.030945745306092422,-0.040008947261464756,-0.04421964387315047
2020-03-23,0.0263213773304944,0.026021377330494398,-0.014740660528435146,-0.019348922581299277
2020-03-24,0.02156936971509319,0.02121936971509319,0.006510762429875472,0.0014598751919525643
2020-03-25,-0.012494298588758824,-0.012694298588758824,-0.006064883568722701,-0.011252955488395222
2020-03-26,-0.003278713445157605,-0.0035287134451576054,-0.009323711998580286,-0.014741960478223182
2020-03-27,-0.02241445985718356,-0.02251445985718356,-0.031529185887451794,-0.036924513058003594
2020-03-30,0.0007531426189406997,0.0006031426189406998,-0.03079978924214344,-0.03634364118657174
2020-03-31,0.0020701510779875033,0.0019701510779875035,-0.028793398381057433,-0.03444509257244599
2020-04-01,0.02218071959828759,0.021980719598287592,-0.007251337078541975,-0.013221500895530425
2020-04-02,-0.005867709756488921,-0.00606770975648892,-0.013076498093707478,-0.019208986422040164
2020-04-03,0.031096598961051027,0.030946598961051026,0.017613466250308463,0.011143159739759767
2020-04-07,0.004420334337878684,0.004220334337878684,0.02211165799786241,0.01541052193732062
2020-04-08,0.003754684607806863,0.003604684607806863,0.02594936490760702,0.019070756616353268
2020-04-09,-0.01754130865048687,-0.017591308650486873,0.007952870437991644,0.0011439684000298378
2020-04-17,0.014779674322579489,0.01377967432257949,0.02285008559557422,0.014939406234597108
2020-04-20,-0.006154659100463844,-0.0066046591004638435,0.01655479200785326,0.008236077448790402
2020-04-21,0.011589991603303068,0.011289991603303068,0.028336653511521703,0.01961905429733446
2020-05-14,0.00998008378898257,0.00903008378898257,0.03859953947684858,0.028826299790482457
2020-05-15,0.0016751021418231148,0.001375102141823115,0.04033929978992279,0.03024104103888825
2020-05-18,0.01919656705167021,0.01879656705167021,0.06031024291482767,0.04960603584615808
2020-05-28,0.007134135668002273,0.006334135668002273,0.06787464003795463,0.0562543828751616
2020-05-29,0.02441566541649534,0.02411566541649534,0.09394750995588175,0.08172666016728569
2020-06-01,0.003906445967234084,0.003656445967234084,0.09822095679451448,0.08568193525150392
2020-06-02,0.0005858693435008333,0.0002358693435008333,0.0988643707854906,0.08593801433682224
2020-06-03,0.011617968269457452,0.011467968269457451,0.11163094217771374,0.09839151702783444
2020-06-04,0.00409259011449552,0.0038425901144955197,0.11618039198263763,0.10261218541301154
2020-06-05,-0.0004029939577673669,-0.0006529939577673669,0.1157305780288902,0.10189218631817609
2020-06-08,0.007414335862157234,0.007264335862157234,0.12400297926607529,0.10989670124347795
2020-06-09,-0.002046773994219181,-0.002196773994219181,0.12170239919868853,0.10745850903391663
2020-06-10,-0.006332258161916427,-0.006482258161916427,0.11459949002612135,0.10027967707474783
2020-06-11,0.000563555783881925,0.00046355578388192496,0.11522762901543748,0.10078971808294357
2020-06-12,-0.00492098153337015,-0.00502098153337015,0.1097396144475482,0.09526267323632531
2020-06-15,0.010959075710293142,0.010759075710293142,0.12190133490099031,0.10704668726033306
2020-06-23,-0.005304065711552075,-0.006004065711552075,0.11595069649879752,0.10039990620426598
2020-06-24,-0.00949528302655413,-0.00974528302655413,0.1053544287918613,0.08967619767591173
2020-06-29,0.020379223630086298,0.020229223630086297,0.12788069388671697,0.11171950116307983
2020-06-30,0.0029027279982490107,0.0027527279982490107,0.1311546247555464,0.114779762560131
2020-07-01,0.018423694592488764,0.018123694592488762,0.1519946720989238,0.13498369051465797
2020-07-02,0.007817399795894586,0.007617399795894586,0.1610002750134616,0.14362931504712795
2020-07-03,0.03412078978986122,0.03397078978986122,0.20061452134316693,0.18247930610611673
2020-07-06,0.007812322714613668,0.007662322714613668,0.20999410943975105,0.1915398441528544
2020-07-07,0.021479284742864556,0.021329284742864555,0.23598391745359648,0.2169545367712591
2020-07-08,0.03242198726755459,0.03227198726755459,0.2760569722881794,0.256228078087134
2020-07-09,-0.016391447744747,-0.016541447744747,0.2551405511075977,0.23544824697797173
2020-07-10,0.03242809326332302,0.032278093263323024,0.29584236595749336,0.27532616071593563
2020-07-13,-0.008413496234220701,-0.008563496234220702,0.2849398010913664,0.26440490994124155
2020-07-14,-0.018002029890960218,-0.01815202989096022,0.26180827638403503,0.2414533942217112
2020-08-07,0.0126352625488183,0.0116852625488183,0.277751555242419,0.2559601030753136
2020-08-10,-0.018200335636458502,-0.018700335636458502,0.2544960480770002,0.23247322760180422
2020-08-11,-0.008192782016325117,-0.008392782016325118,0.24421823541476395,0.2221293484615856
2020-08-12,0.004622474879981908,0.0044224748799819085,0.24996960295318416,0.22753418480524568
2020-08-13,0.009731225128473903,0.009581225128473902,0.2621333385632707,0.23929546618276243
2020-08-14,0.021345807086234337,0.021145807086234338,0.28907459332534713,0.26550136903350796
2020-09-16,0.003708652377052929,0.002808652377052929,0.29385532288008154,0.26905572246180776
2020-09-17,0.014024299170664467,0.013624299170664468,0.3120007370117086,0.28634571728887126
2020-10-13,0.002250990867957092,0.001400990867957092,0.3149540386894749,0.2881478758918288
2020-10-14,0.0040631359708599105,0.0037131359708599105,0.3202968757441016,0.2929309441055896
2020-10-15,0.004207298999761961,0.003907298999761961,0.3258517594688086,0.29798281189025455
2020-10-16,0.0005150407009294089,0.00041504070092940895,0.3265346270883338,0.2985215275862958
2020-10-19,0.011534247675708436,0.011484247675708437,0.3418352060275742,0.3134340704213361
2020-11-03,-0.0029530802648333686,-0.003703080264833369,0.3378726589619956,0.30857031863599915
2020-11-04,0.01513402001934223,0.01493402001934223,0.3581200505660569,0.3281125339712261
2020-11-05,-0.0027240369365991502,-0.0029240369365991503,0.3544204813839791,0.32422908386593385
2020-11-06,0.018425835082742176,0.018225835082742177,0.37937680980664856,0.3483642647602452
2020-11-09,-0.01094993391862038,-0.01099993391862038,0.3642727248903883,0.33353234694965317
2020-11-10,-0.009381674626515558,-0.009431674626515557,0.3514735620836369,0.3209549037492905
2020-11-11,-0.00028048018536477317,-0.00038048018536477316,0.35109450052842806,0.32045230658265345
2020-11-12,0.0004963928887217306,0.00039639288872173056,0.3517651742304815,0.32097572448687917
2020-11-13,0.01660825426349936,0.01650825426349936,0.3742156339486449,0.34278272762261874
2020-11-16,-0.005423262517023453,-0.005673262517023453,0.36676290181074367,0.33516476870549083
2020-11-17,0.007127531742011606,0.006977531742011606,0.37650454777720377,0.34448092325994883
2020-11-18,0.0019170816146984958,0.0018170816146984958,0.3791434193382963,0.3469239548269174
2020-11-19,0.0060693685922440345,0.006019368592244035,0.387513949091828,0.3550315865767437
2020-11-20,0.006757449128869436,0.006707449128869437,0.3968900040184127,0.3641203920117184
2020-11-23,0.0008635201405144011,0.0008135201405144011,0.3980962466709659,0.3652301314247064
2020-11-24,-0.007742602479676852,-0.007842602479676853,0.3872713432046644,0.35452317421066537
2020-11-25,0.0018413945765879513,0.0016913945765879514,0.38982585713229745,0.356814207361388
2020-11-26,0.0021067087914513395,0.0019067087914513396,0.3927538154841044,0.35940125693893
2020-12-04,-0.003914638710508683,-0.004764638710508683,0.38730168748380156,0.3529242010870046
2020-12-15,-0.00044738331184326354,-0.0012973833118432635,0.3866810318603293,0.3511689398063256
2020-12-16,0.02245689596011809,0.02180689596011809,0.41782158352268595,0.3806337403012252
2020-12-17,0.005241629021507227,0.004691629021507227,0.4252532782821976,0.3871111616252947
2020-12-18,0.015289735440122094,0.014939735440122094,0.44704502384229894,0.40783423540601715
2021-01-14,0.003967421414247424,0.0030174214142474243,0.45278606125727094,0.4120822645756417
2021-01-15,0.011168111731719116,0.010968111731719115,0.4690109383116763,0.42757014062788623
2021-01-18,0.0006304528779389251,0.0004304528779389251,0.46993708048545857,0.42818464230337905
2021-01-19,0.011015373632900305,0.010915373632900306,0.4861289866438607,0.44377381129089066
2021-01-20,0.0026856752324330045,0.0025356752324330045,0.4901202464554908,0.44743475278541633
2021-01-21,-0.009683272239100515,-0.009933272239100515,0.4756910064400668,0.4330569893376637
2021-01-22,-0.01962442066028101,-0.01987442066028101,0.44673142536509336,0.4045758119014111
2021-01-25,-0.007045626133448751,-0.007245626133448751,0.4365382966264595,0.3943987806922884
2021-01-26,0.008826729150574992,0.008726729150574992,0.44921823108520975,0.4065673211792822
2021-01-27,-0.008537953708881607,-0.008637953708881606,0.43684487291413676,0.39441745777050996
2021-01-28,-0.015408113256703816,-0.015458113256703815,0.41470580437996163,0.37286239478116845
2021-01-29,0.0018618195000422554,0.0017618195000422554,0.4173397312333791,0.37528113051916856
2021-02-01,0.011182886324734704,0.011032886324734703,0.433189680331292,0.39045445089673914
2021-02-02,-0.01597479029891417,-0.01612479029891417,0.41029477572943174,0.3680336644558375
2021-02-03,-0.02002044476361094,-0.02012044476361094,0.3820600470715316,0.3405082186753936
2021-02-04,-0.009009986717538276,-0.009209986717538277,0.3696077044045769,0.3281621557866423
2021-02-05,0.005408968558752924,0.005258968558752924,0.377015869415527,0.3351469188048499
2021-02-08,0.012665501733596202,0.012565501733596203,0.39445646629679887,0.35192370972769793
2021-02-09,0.012969188580432185,0.012819188580432184,0.4125414351754051,0.3692542747090546
2021-02-10,0.018648346302900843,0.018448346302900844,0.4388829970257526,0.39451475174561446
2021-02-18,0.03256531435763703,0.03241531435763703,0.485740674147755,0.4397183857998108
2021-02-19,0.014393588316943784,0.014293588316943785,0.5071258137571761,0.46029712769876796
2021-02-22,-0.009121640101283968,-0.009271640101283968,0.4933783544967285,0.44675777828980623
2021-02-23,0.0024563158552188546,0.0024063158552188545,0.4970465634267196,0.450239134470366
2021-02-24,-0.005134668556231387,-0.005284668556231387,0.4893597255102782,0.4425751013174144
2021-02-25,-0.005047127634205057,-0.005197127634205057,0.4818427368823832,0.43507785439394153
2021-02-26,0.02013624555115292,0.01993624555115292,0.5116814861004393,0.4636879188841607
2021-03-01,0.0031171931046441504,0.0029171931046441503,0.5163936892053298,0.4679577791884806
2021-03-02,0.010791584185927456,0.010591584185927455,0.5327579793613981,0.4835057775881424
2021-03-03,-0.0012915276490431838,-0.0014415276490431837,0.5307783800517614,0.48136726299223387
2021-03-04,0.006405281786400835,0.006205281786400835,0.5405834469285231,0.4905595642882501
2021-03-05,-0.008925261255938621,-0.009075261255938622,0.5268333371781115,0.4770323468247961
2021-03-18,-0.0011254705587052049,-0.001975470558705205,0.5251149312090679,0.47411451290938844
2021-03-19,0.01951780471696859,0.019017804716968588,0.5548818266073396,0.5021489348463486
2021-03-22,-0.009677539025785099,-0.009927539025785099,0.5398343970498631,0.48723629267311996
2021-03-23,-0.00912683927370762,-0.00942683927370762,0.5257805759998626,0.47321635518006566
2021-03-24,-0.007700905202419112,-0.007750905202419112,0.5140306844243954,0.46179759486841143
2021-03-25,0.01122273525376365,0.01107273525376365,0.531022249961765,0.47798369263097773
2021-03-26,0.005058673974488104,0.005008673974488104,0.5387671923720085,0.48538643108697643
2021-03-29,-0.001013422855578594,-0.001113422855578594,0.5372077705298441,0.483732567885238
2021-03-30,-0.0023478464753108443,-0.0024978464753108442,0.5335986426839852,0.48002643172024206
2021-03-31,0.004372579648207686,0.004222579648207686,0.5403044248975042,0.48627596120963323
2021-04-01,-6.82334491047487e-05,-6.82334491047487e-05,0.5401993246139221,0.4861745474744783
2021-04-02,0.009259426121511538,0.009159426121511539,0.5544606864725867,0.4997870534457416
2021-04-06,0.009744745901135221,0.009644745901135222,0.5696085108755664,0.5142521184820381
2021-04-07,-0.010722657575948447,-0.010772657575948447,0.5527781362851534,0.4979395989259765
2021-04-08,0.0015768311153736725,0.0015268311153736724,0.5552266051657198,0.5002266997145672
2021-04-09,-0.010868833049580594,-0.010968833049580594,0.5383231068399075,0.4837709635088747
2021-04-19,-0.008034883340920729,-0.008934883340920729,0.5259628601358062,0.47051364304527743
2021-04-20,-0.0046608927001693,-0.0050608927001693,0.5188505109802697,0.46307153128369016
2021-04-21,0.0079945497072695,0.0076945497072695,0.5309930368882132,0.4743292079064436
2021-04-29,0.002694472258581787,0.001744472258581787,0.5351182551541904,0.4769011343096532
2021-04-30,-0.0018006509763647705,-0.0021506509763647703,0.5323540429692117,0.4737248354431558
2021-05-06,-0.008373482905472024,-0.008723482905472023,0.5195229025852781,0.460868822033798
2021-05-07,0.0052550281655246054,0.0049550281655246055,0.5275080382365234,0.46810746819311233
2021-05-10,-0.002594822270576019,-0.002744822270576019,0.5235444263604232,0.4640777741188169
2021-05-11,0.00643822068730634,0.00628822068730634,0.5333533416042473,0.4732842182658561
2021-06-22,0.0009839631595535913,0.00023396315955359127,0.5348621048029643,0.4736289124964821
2021-07-30,0.0269466823356725,0.0260966823356725,0.5762215463701514,0.5120857381065653
2021-08-09,0.007725223162454997,0.006875223162454997,0.5883982095693308,0.5224816649968134
2021-08-10,0.002716926351504023,0.002516926351504023,0.5927137705215917,0.5263136392191254
2021-09-07,0.016379084728994676,0.015479084728994676,0.6188009643180012,0.5499395773636186
2021-09-08,0.005606041670428575,0.005256041670428575,0.6278760299800981,0.5580861243688884
2021-09-16,0.004389678122553897,0.0034896781225538967,0.6350218817751316,0.5635233434301534
2021-09-17,-0.0061277805703698115,-0.006527780570369812,0.6250028264558605,0.5533170061275903
2021-09-22,0.0063803450520715285,0.006030345052071529,0.6353709051992404,0.5626840436497904
2021-09-23,-0.01099496615741039,-0.01129496615741039,0.6173900574417612,0.5450335802620407
2021-10-08,0.0027346477647766263,0.0018346477647766262,0.6218130495471164,0.5478681726665733
2021-10-11,-0.02768390227903006,-0.02793390227903006,0.5769149355685983,0.5046301743904844
2021-10-12,-0.0008531119711488455,-0.0010531119711488454,0.5755696505595813,0.5030456303416819
2021-10-13,0.0076354303582013006,0.007435430358201301,0.5875998029009246,0.5142214214512864
2021-10-28,0.01375026285907246,0.01295026285907246,0.6094297175058239,0.533830986885919
2021-11-05,-0.0029271676226575727,-0.003827167622657573,0.6047186469457979,0.5279607585942803
2021-11-08,0.01567546046085063,0.015275460460850631,0.6298733506467866,0.5513010627479187
2021-11-09,0.00606362559050741,0.0055636255905074095,0.6397562924050544,0.5599319210392042
2021-11-10,0.0055143075471356055,0.005164307547135606,0.6487984129037265,0.5679878892320449
2021-11-11,0.011639378953249336,0.011289378953249336,0.6679894024490292,0.585689498707691
2021-12-01,-0.016514480350373766,-0.017464480350373766,0.6404434242376531,0.5579962556157165
2021-12-02,0.017777420074816225,0.017177420074816225,0.6696062760992958,0.5847586117734185
2021-12-03,-0.012644969998733779,-0.012944969998733779,0.6484941548283225,0.5642439590887767
2021-12-06,-0.008343430586857752,-0.008743430586857752,0.6347400582746718,0.5505671006115724
2021-12-07,0.012910795513215528,0.012710795513215528,0.6558458528843181,0.5702760419569657
2021-12-08,0.0014140362303078301,0.00131403623030783,0.6581872789121015,0.5723394415676817
2021-12-09,-0.0020057472762039785,-0.0021057472762039784,0.6548613742939875,0.5690284920713324
2021-12-10,0.0039969287314071235,0.0037969287314071234,0.6614757372673992,0.5749859814332743
2021-12-13,0.00735163112040087,0.0072516311204008695,0.6736902940032852,0.5864071987904311
2021-12-14,0.0026195772384907667,0.002519577238490767,0.6780746550017389,0.5904042742594813
2021-12-23,-0.01235509678126338,-0.01320509678126338,0.6573418802330073,0.5694028318965498
2021-12-24,0.003361548720771129,0.0029115487207711293,0.6629131157103851,0.5739722247041328
2021-12-27,0.005946529140445916,0.005646529140445916,0.6728016770109866,0.5828597047371773
2021-12-28,-0.0036062164617972903,-0.00395621646179729,0.6667691920660275,0.5765975691165803
2021-12-29,0.00964338339515577,0.00939338339515577,0.682842486416354,0.5914071545431632
2022-01-07,0.009702070588521928,0.008952070588521927,0.6991695430089293,0.6056535437257125
2022-01-10,-0.00482639390626412,-0.00522639390626412,0.6909686814808413,0.597261765829213
2022-01-25,0.0047508941544735115,0.0039008941544735115,0.6990022947050867,0.6034925149147004
2022-01-26,-0.03196662637027643,-0.032266626370276434,0.6446909231480069,0.5517532210484128
2022-02-10,-0.005983286930872739,-0.006983286930872739,0.6348502654422106,0.5409168830599258
2022-02-11,-0.004354447858707628,-0.0046544478587076275,0.627731395204548,0.5337447657731211
2022-02-14,0.014872817922561959,0.014622817922561959,0.651940347872263,0.5561724362227041
2022-02-15,0.009782086544393281,0.009382086544393282,0.6680997713213248,0.5707725806973447
2022-02-16,-0.0033801771229479472,-0.003530177122947947,0.6624612986355098,0.5652274752676132
2022-02-17,0.005333376881130875,0.005133376881130875,0.671327831291427,0.5732623778028627
2022-03-01,-0.0018049063855606895,-0.0025549063855606893,0.6683112410163639,0.5692428397076519
2022-03-02,-0.0018226054834878601,-0.00207260548348786,0.665270567800323,0.5659904183931497
2022-03-03,-0.006913540626249509,-0.007163540626249509,0.6537576520761379,0.554772382410673
2022-03-04,-0.025720443951645845,-0.026070443951645844,0.6112222710763082,0.5142387761574687
2022-03-07,-0.028458478743980282,-0.028608478743980283,0.5653693363230554,0.470918708316457
2022-03-15,0.026945948078435693,0.025995948078435693,0.607549697183192,0.5091566346854515
2022-04-14,-0.01881190683166307,-0.019811906831663072,0.5773086220525134,0.4792573640446771
2022-04-15,-3.95350890987245e-05,-0.0003895350890987245,0.5772462630156043,0.47868114139557405
2022-04-18,0.011815691078767792,0.011365691078767792,0.5958825176145379,0.495487374452676
2022-04-19,-0.013190275007107977,-0.013440275007107977,0.5748323883281663,0.47538761287037423
2022-04-27,0.0019384524073087716,0.0011384524073087716,0.5778851259624287,0.4770672714499602
2022-04-28,0.04291723450198217,0.04246723450198217,0.6456035919305478,0.5397942336418284
2022-04-29,0.016390683472295414,0.015940683472295415,0.6725761595267536,0.5643396061327786
2022-05-05,-0.0032078416338567283,-0.003657841633856728,0.6672108000864276,0.558617499591975
2022-05-06,0.01883185160422508,0.01858185160422508,0.6986074664666169,0.5875794986771414
2022-05-09,0.0149508898979825,0.014800889897982498,0.7240031596776502,0.6110770880413561
2022-05-10,0.007856624235940284,0.007706624235940284,0.7375480046848113,0.6234930537740238
2022-05-11,0.010291474651922506,0.010191474651922506,0.7554299359315235,0.6400388420791339
2022-05-12,0.003916152371044035,0.003816152371044035,0.7623044670373234,0.6462974801949384
2022-05-13,0.0017694886250118115,0.0017194886250118113,0.7654228447455536,0.6491282699855192
2022-05-16,-0.001003654979027152,-0.001103654979027152,0.7636509693173366,0.6473082013592952
2022-05-17,0.010211255955557613,0.010111255955557613,0.7816600607813031,0.6639645562209284
2022-05-25,0.0025219450771422846,0.0017219450771422846,0.7861533096007316,0.6668298117970521
2022-05-26,-3.421232346312308e-08,-0.0004500342123234631,0.7861532484922769,0.6660796813556227
2022-06-06,-0.004430058035518425,-0.005430058035518425,0.7782404859411263,0.6570327719940636
2022-06-07,0.001112679920757892,0.0007126799207578919,0.7802190984241117,0.6582137059787017
2022-06-08,-0.012363719438575348,-0.012713719438575348,0.7582089689520024,0.6371316421516882
2022-06-09,0.026697260602855988,0.02649726060285599,0.8051483319903927,0.6805111459149629
2022-06-10,0.004299253578265977,0.003999253578265977,0.8129091224160032,0.6872319361285792
2022-06-13,0.001393401725555432,0.001093401725555432,0.8154352331154529,0.6890767584389546
2022-06-14,0.00362807462538865,0.00347807462538865,0.8220217676187558,0.6949514934528147
2022-06-15,0.0056149950921975,0.0052149950921975,0.8322524109018121,0.7037906571726842
2022-06-16,0.011380580912817689,0.011230580912817688,0.8531045077167856,0.7229252160065649
2022-06-24,0.014446611881797172,0.013696611881797171,0.8798755893161789,0.7465234539915684
2022-06-27,0.02077983657174236,0.02037983657174236,0.9189390968373772,0.7821173165526314
2022-06-28,-0.021782114567278264,-0.022132114567278264,0.8771405455824359,0.7426752919303581
2022-06-29,0.0032239955383917217,0.0030239955383917216,0.8831924383263279,0.747945134238021
2022-07-07,0.003984516936648685,0.0030345169366486854,0.8906960504918078,0.7532493033521988
2022-07-22,-0.009037616599152342,-0.009987616599152342,0.8736086644819312,0.735738521507586
2022-08-01,-0.04148720714363031,-0.042337207143630304,0.7958778737124688,0.6622522001753408
2022-08-02,-0.0037541452455510105,-0.004004145245551011,0.789135887331281,0.6555963009311019
2022-08-03,0.010866361855755296,0.010616361855755296,0.8085772852921407,0.6731727103488365
2022-08-04,0.01548802726348325,0.01533802726348325,0.8365885795948618,0.6988358789966833
2022-08-12,0.014825545039634591,0.013975545039634591,0.8638170063009241,0.7225780363385488
2022-08-15,0.013312370901260934,0.012962370901260935,0.88862882958088,0.7449067317519349
2022-08-16,0.011140661517124345,0.010990661517124344,0.9096694041027233,0.7640844110195719
2022-08-17,-0.0023724328769062553,-0.0027224328769062554,0.9051388416244082,0.7592818096213745
2022-08-18,-0.014325538594644522,-0.014525538594644522,0.8778467016205616,0.7337272937968631
2022-08-26,0.021981609909142524,0.021081609909142523,0.9191247952847548,0.7702770562935217
2022-08-29,-0.0032729709338405024,-0.0035729709338405023,0.9128435556113752,0.7639519078265402
2022-08-30,-0.03162654748899134,-0.032026547488991336,0.852346918060821,0.7074586182822367
2022-08-31,-0.01291037952817437,-0.01301037952817437,0.8284324163308117,0.6852439336297325
2022-09-01,0.018845355844530554,0.018695355844530553,0.8628898758542405,0.7167501686537769
2022-09-02,0.005335565338888954,0.005035565338888954,0.8728294465060153,0.7253949762985816
2022-09-05,0.01605832505584358,0.01600832505584358,0.9029039505321643,0.7530156599288889
2022-09-06,0.010031688072184108,0.009881688072184107,0.9219932893952296,0.7703384138659601
2022-09-07,-0.01023616529117502,-0.01043616529117502,0.902319448396451,0.7518628695575384
2022-09-08,0.0023798155909264874,0.0023298155909264873,0.9068466178786674,0.7559443869841986
2022-09-09,-0.0018506867674759175,-0.0020006867674759177,0.9033176420753533,0.7524312922847358
2022-10-11,0.03282223284548122,0.03187223284548122,0.9657887769024629,0.8082851904781425
2022-10-20,0.0028265523802014415,0.0018265523802014415,0.9713451818487897,0.8115881180968934
2022-10-21,-0.010645540603419051,-0.010895540603419051,0.950359146672064,0.7918498861994971
2022-10-24,-0.0019329627295607721,-0.002132962729560772,0.946589175132289,0.7880279371752659
2022-10-25,0.01659408315942542,0.01624408315942542,0.9788910377816713,0.817072811678117
2022-10-26,-0.014274937701227102,-0.014474937701227103,0.9506424914998213,0.7907707959304826
2022-10-27,-0.03031110889273362,-0.030511108892733618,0.8915163545291771,0.7361323931739203
2022-10-28,0.015662997963665153,0.015412997963665152,0.9211431713384068,0.7628913982145633
2022-11-07,-0.007289309339302902,-0.0081393093393029,0.9071393644774317,0.7485426797928989
2022-11-08,-0.004225907329378609,-0.004525907329378609,0.89907997025894,0.7406289376626929
2022-11-09,-0.0029645224926097002,-0.0032145224926097005,0.8934501049718429,0.7350336467912888
2022-11-23,-0.0021904126719527904,-0.0030904126719527906,0.8893026678682023,0.7296716768229805
2022-11-24,-0.009634376849251924,-0.010084376849251925,0.8711004139836629,0.7122290158084201
2022-11-25,-0.005986339177337302,-0.006186339177337302,0.8598993722707005,0.7016365863673508
2022-11-28,0.022043352327415954,0.021743352327415953,0.9008977894272032,0.7386358701979576
2022-11-29,-0.0021113118454150316,-0.0024613118454150317,0.8968844014074624,0.7343565451357761
2022-11-30,0.00749310008706659,0.00729310008706659,0.911097946080804,0.7470053810061104
2022-12-01,0.004739411361255097,0.004589411361255097,0.9201554253989306,0.7550231073498734
2022-12-02,0.0071650855503023305,0.0070150855503023305,0.9339135032917909,0.7673347445906904
2022-12-05,0.0007040255910332304,0.0005540255910332305,0.9352750278889532,0.7683138932671159
2022-12-06,0.0038825176971245268,0.003782517697124527,0.9427887674335351,0.7750025718624698
2022-12-07,-0.008889578534192555,-0.009039578534192556,0.9255181941100874,0.7589572967157252
2022-12-16,-0.012664103613533928,-0.013514103613533928,0.9011332321901324,0.7351865655561274
2022-12-19,-0.007047025129659617,-0.007447025129659618,0.8877358985280577,0.7222645875977831
2022-12-20,-0.006744211026618851,-0.006944211026618851,0.8750046092658605,0.7103048188578316
2022-12-21,-0.010782209562613521,-0.01088220956261352,0.8547879166378898,0.6916929234030729
2022-12-22,0.0036886321307602167,0.0034886321307602166,0.8616295469429462,0.6975946176910364
2023-01-09,-0.002619459673498764,-0.003619459673498764,0.8567530834177355,0.6914502424303552
2023-01-10,-0.009059639676259057,-0.009459639676259056,0.839931569514188,0.6754497326066431
2023-01-11,-0.0006104795574983057,-0.0008104795574983057,0.838808328903804,0.6740918148487494
2023-01-12,0.011670682710903501,0.0114206827109035,0.8602684774766067,0.6932110862950576
2023-01-13,0.013663437610357676,0.013313437610357677,0.8856861397571234,0.7157535464536127
2023-01-16,-0.0005424537640424165,-0.0008424537640424165,0.8846632422128096,0.7143081034202337
2023-01-17,0.002552555149353197,0.002252555149353197,0.8894739490765167,0.718169676966171
2023-01-18,0.006061157176326182,0.005911157176326182,0.9009263476624434,0.7283260479823155
2023-01-19,0.007445439320533753,0.007345439320533753,0.9150795794367679,0.7410213620938673
2023-01-20,0.006960440898918957,0.006860440898918956,0.9284093776661642,0.7529655362522678
2023-01-30,0.004803936759643179,0.004553936759643179,0.9376733343631751,0.7609484304461946
2023-01-31,0.01573898146626892,0.015538981466268918,0.9681703390604006,0.7883117754699536
2023-02-01,-0.0028143606815916157,-0.003014360681591616,0.9626311978434743,0.7829211587675495
2023-02-02,0.005110766830205493,0.005010766830205493,0.9726617482693392,0.7918549609707735
2023-02-03,3.2302390475713595e-05,-6.769760952428638e-05,0.9727254699594083,0.7917336566733015
2023-02-06,0.011534924262981732,0.011234924262981732,0.995480708847045,0.8118636486054613
2023-02-07,-0.0030159046829665915,-0.0032659046829665913,0.9894625292324637,0.8059462746305839
2023-02-08,0.017866074177775516,0.017766074177775516,1.0250064143536357,0.8380308501067479
2023-02-09,-0.0005985195488462991,-0.0007485195488462991,1.023794408428106,0.8366550480840604
2023-02-17,0.00962512439452578,0.008625124394525781,1.0432736813581722,0.852496426343619
2023-02-20,6.809715374625491e-05,-0.0003319028462537451,1.0434128224801977,0.8518815775070407
2023-02-28,0.009536569332017058,0.008586569332017058,1.062899970535713,0.8677828870669901
2023-03-16,0.016435721995404523,0.015435721995404522,1.0968052209557664,0.89661346445953
2023-03-17,0.009625538380169617,0.009325538380169618,1.1169881000858162,0.9143004061146938
2023-03-20,0.014842812555575496,0.014492812555575496,1.1484101576377737,0.9420440030755759
2023-03-28,0.0028796021753484833,0.0021296021753484835,1.1545967242012485,0.9461797842091482
2023-03-29,-0.004186905456968637,-0.0045369054569686365,1.1455756314191237,0.9373501505259276
2023-03-30,0.011242310806583588,0.010742310806583588,1.169696859526569,0.9581617679840586
2023-03-31,0.01406163278880181,0.01376163278880181,1.2002063400282483,0.985109271176126
2023-04-03,-0.00852846306972987,-0.00867846306972987,1.1814419615115317,0.9678815736768456
2023-04-04,-0.011569070429448925,-0.011819070429448925,1.1562047058210498,0.944623042760744
2023-04-06,0.005061122198591744,0.0048611221985917445,1.1671175213223886,0.9540760930018013
2023-04-28,0.01072270819755412,0.00987270819755412,1.1903548901333352,0.9733681160638246
2023-05-04,-0.009422051189037078,-0.009622051189037079,1.1697172542363412,0.9543802670362449
2023-05-12,0.0043662253035236355,0.0034162253035236356,1.1791907286132801,0.9610568703572016
2023-05-15,-0.013410030542814384,-0.013660030542814384,1.149967714383958,0.9342687736119262
2023-05-16,0.01059167429726059,0.01039167429726059,1.1727394721643383,0.9543690647106629
2023-05-17,0.00996157369946032,0.009761573699460319,1.1943833765460297,0.9734467823717812
2023-05-18,-0.006635245442130372,-0.0069852454421303715,1.1798231042485159,0.9596617722299317
2023-05-19,-0.003489733061532796,-0.0037897330615327958,1.172216103493327,0.9522351772222901
2023-05-22,-0.009913981146737545,-0.010063981146737545,1.1506807939966541,0.9325879192047271
2023-05-23,-0.00023098387757460314,-0.00043098387757460306,1.1501840214074317,0.9317550049695544
2023-05-24,-0.0011342277647052978,-0.0013342277647052977,1.1477452229911256,0.9291776038073156
2023-05-25,0.008420132430078497,0.008320132430078498,1.1658295221947794,0.9452286169521342
2023-05-26,0.014336469625269322,0.01418646962526932,1.1968798713532363,0.9728245436407303
2023-05-29,0.0057861308474077,0.0055861308474077,1.2095913057449224,0.9838449996804848
2023-05-30,-0.002338580477097324,-0.002438580477097324,1.2044239986549434,0.9790072339946767
2023-05-31,0.009734869307533683,0.009534869307533682,1.2258837781802399,0.9978768093294796
2023-06-01,0.004094597076892725,0.003994597076892725,1.2349978753918793,1.0058575221920187
2023-06-09,0.01299563488144136,0.01204563488144136,1.2640430917412693,1.0300193495285361
2023-06-12,0.002432439045250778,0.0018324390452507783,1.269550238557751,1.0337392362472269
2023-06-13,-0.0001177288825194911,-0.0005677288825194911,1.2692830469443437,1.032584623743296
2023-06-14,-0.0026400103565921594,-0.0028400103565921595,1.2632921161983717,1.026812062361215
2023-06-15,0.011322266635884547,0.010872266635884547,1.2889177130128648,1.048848103524033
2023-07-07,0.006596840759386347,0.005746840759386347,1.3040173386769496,1.060622507315156
2023-07-10,0.018039947112637157,0.017539947112637157,1.3455816896132808,1.0967657171125738
2023-07-11,-0.00903852903833539,-0.009238529038335391,1.3243810813999235,1.077394686148443
2023-07-19,-0.01567929485458714,-0.01642929485458714,1.2879364250702299,1.0432645563203575
2023-07-20,0.0020205511953989286,0.0016705511953989285,1.2925593177489025,1.0466779343674348
2023-07-21,-0.0026417951235066296,-0.0028917951235066294,1.2865028457229237,1.0407593610974422
2023-07-24,0.012098761268875945,0.011898761268875945,1.3141666977939308,1.0650418695423642
2023-07-25,-0.00873603774392211,-0.00903603774392211,1.2939500501762757,1.0463820732664
2023-08-02,-0.006140822078031594,-0.006940822078031594,1.2798633110622517,1.0321784993921845
2023-08-03,0.0012577835027240193,0.0008077835027240193,1.2827308855233719,1.0338200596585838
2023-08-04,-0.004896805558676509,-0.005196805558676509,1.2715527962341784,1.0232506922672022
2023-08-07,-0.002486949198782723,-0.002786949198782723,1.2659035598275912,1.0176119953714515
2023-08-08,-0.012306598566886434,-0.012506598566886434,1.238017994325514,0.9923785320816061
2023-08-09,-0.0009221365090090639,-0.0010721365090090639,1.2359542362251275,0.9902424303175956
2023-08-10,-0.017572140484119918,-0.017772140484119917,1.1966637342701163,0.9548715622485351
2023-08-11,0.0024835607313532294,0.0024335607313532293,1.2021192820605373,0.9596288609172623
2023-08-14,-0.009145753629804082,-0.009295753629804082,1.1819792416433708,0.9414126338203219
2023-08-22,-0.02213710487065119,-0.023037104870651193,1.1336765383455276,0.8966881073777959
2023-08-23,0.005236599446279594,0.004836599446279594,1.1448497477247672,0.9058616280277043
2023-08-24,-0.01952009383135881,-0.02002009383135881,1.1029820793950136,0.8677060994050034
2023-08-25,0.015363243687799132,0.015013243687799133,1.1352907055518338,0.8957464262125596
2023-08-28,0.029550618392537663,0.029150618392537662,1.1983898663487285,0.9510086068520989
2023-08-29,0.01141044965113982,0.01121044965113982,1.2234744832322764,0.9728802906081548
2023-08-30,-0.009702618879571856,-0.010102618879571855,1.2019009577330206,0.9529490329371217
2023-08-31,0.00040137199652969245,0.00010137199652969243,1.2027847391165865,0.9531470072797112
2023-09-01,0.013776299279026077,0.013626299279026076,1.2331309609299277,0.979761172936839
2023-09-04,-0.004927181691165211,-0.005077181691165211,1.2221279189452594,0.9697095657567243
2023-09-05,0.015037332411509202,0.014937332411509203,1.2555427951233344,0.9991317722945618
2023-09-06,-0.0207052326857667,-0.0209052326857667,1.208841256717601,0.9573394574252347
2023-09-07,0.0035404371980555737,0.0033904371980555737,1.216661520467484,0.9639756939309112
2023-09-28,-0.0027695509511924733,-0.0036695509511924735,1.2105223634450017,0.9567687850551281
2023-10-09,0.001885821434207413,0.001285821434207413,1.2146910138987814,0.9592848403007401
2023-10-10,0.004970581037553268,0.004670581037553268,1.2256993150565063,0.9684358389230145
2023-10-11,0.004484186574739435,0.004184186574739435,1.2356797660444894,0.976672141733472
2023-10-12,-0.010495547594574162,-0.010795547594574162,1.212215082653743,0.9553328835485195
2023-10-13,-0.016883137137270205,-0.017133137137270205,1.1748659520361624,0.9218318971056689
2023-10-16,0.0009953380491030729,0.0006953380491030728,1.1770306788699227,0.9231682199477065
2023-10-31,0.00021531693329574498,-0.000634683066704255,1.1774994304393878,0.921947617644082
2023-11-01,-0.012980639729246884,-0.013180639729246884,1.149234094822214,0.8966151185174309
2023-11-02,0.017457051726155793,0.017257051726155794,1.186753385587143,0.9293451037222955
2023-11-03,0.02260762483793379,0.02245762483793379,1.2361906857415788,0.9726736122445954
2023-11-06,0.0030850312165117467,0.0029350312165117467,1.2430894038131646,0.9784634708765223
2023-11-07,-0.005947129529746626,-0.005997129529746625,1.2297494605818855,0.9665983691718036
2023-11-08,-0.0047734870026322485,-0.004973487002632248,1.2191057805126717,0.95681751774333
2023-11-09,-0.0011508963882811863,-0.0012508963882811863,1.2165518196846659,0.9543697417778596
2023-11-10,0.011802005252595681,0.011702005252595682,1.2427115759032352,0.9772397867616585
2023-11-13,0.005735629637346573,0.005635629637346573,1.255574938886006,0.9883827779040733
2023-11-14,0.0051486369663085955,0.0051486369663085955,1.2671880753966338,0.9986202389775614
2023-11-15,-0.009116916937135056,-0.009166916937135056,1.2465183100323798,0.9802990532579772
2023-11-16,0.00963408649258939,0.00958408649258939,1.2681614617384178,0.9992784106655945
2023-11-17,0.012514559298844796,0.012414559298844796,1.2965465028506977,1.0240985710497026
2023-11-20,-0.00809594673046462,-0.00814594673046462,1.2779537846995837,1.007610371912722
2023-11-21,-0.011417583031339901,-0.011567583031339902,1.2519450582212213,0.9843871722410424
2023-11-22,0.010019018548058834,0.009869018548058833,1.2745073375287492,1.0039711260504194
2023-11-23,-0.013874480726325782,-0.014024480726325783,1.2429497293123202,0.975866471617012
2023-11-24,-0.0011239110769249716,-0.0013739110769249716,1.2404288532665602,0.9731518067851328
2023-11-27,0.007363124153739709,0.007313124153739709,1.2569254090707824,0.9875817109223282
2023-11-28,-0.0001214490175213745,-0.00027144901752137454,1.2566513076972314,0.9870421838196548
2023-12-12,-0.006533019862248984,-0.007433019862248984,1.241908559881875,0.9722724598001968
2023-12-13,-0.003090574532456647,-0.003740574532456647,1.2349797743826074,0.9648950276660024
2023-12-14,-0.004911718361696282,-0.005161718361696282,1.2240021831867525,0.954752792922893
2023-12-15,-0.01541693145398088,-0.01571693145398088,1.1897148939750584,0.9240300772670462
2023-12-29,-0.00044460086227618434,-0.0013946008622761842,1.1887413448450581,0.9213468232622444
2024-01-02,-0.004686400900024507,-0.0051364009000245065,1.1784840254366555,0.9114780157099809
2024-01-10,0.01780386417853382,0.016903864178533817,1.2172694591406357,0.9437893804677955
2024-01-11,-0.002770284239888815,-0.003170284239888815,1.2111269925023915,0.937627015629235
2024-01-12,-0.003232511163141555,-0.003532511163141555,1.2039794998160036,0.93078232656652
2024-01-15,-0.0036089361522050833,-0.003858936152205083,1.196025478520399,0.9233315608444939
2024-01-16,-0.02275005815145989,-0.02290005815145989,1.1460657711819722,0.8792871562566169
2024-01-17,-0.011199480883122804,-0.011499480883122803,1.1220309486036952,0.8576763295293457
2024-01-25,-0.011104240171683544,-0.011804240171683543,1.0984674072986542,0.8357478719743296
2024-01-26,-0.02785762966353338,-0.02835762966353338,1.0400090794051335,0.783690413665262
2024-01-29,-0.028923002840625357,-0.029473002840625356,0.9810058910065975,0.7311197010365096
2024-01-30,-0.04350101949105938,-0.04365101949105938,0.8948301151300162,0.6555545612252078
2024-01-31,-0.008245524260493686,-0.008445524260493687,0.8792062474461975,0.6415725350138093
2024-02-01,-0.046675775704968274,-0.046975775704968276,0.7914928381370236,0.5644583918055643
2024-02-02,-0.06471104865087533,-0.06506104865087534,0.675563457930644,0.4626730882640322
2024-02-05,0.0612075799746859,0.0609075799746859,0.778120642284595,0.5517609663642946
2024-02-06,0.04405349362749968,0.04380349362749968,0.8564530686684051,0.6197335179658356
2024-02-07,0.05268834158714408,0.05243834158714408,0.954266502090908,0.7046696574610747
2024-02-23,0.007761429372743628,0.0069614293727436275,0.9694344035224054,0.716536594885349
2024-02-26,0.03571366916641252,0.03541366916641252,1.039770132254756,0.7773254539686589
2024-02-27,-0.04484098655017578,-0.04504098655017578,0.9483048271888701,0.6972729621011715
2024-02-28,0.03080127384583346,0.03065127384583346,1.0083150977062738,0.7492965404536636
2024-02-29,0.017048787486704,0.016748787486703998,1.0425544350134075,0.7785951364609485
2024-03-01,-0.0015359890318311863,-0.0016359890318311864,1.039417093804309,0.7756853743256302
2024-03-04,-0.011905084291162799,-0.012105084291162799,1.0151376613977305,0.7541905531948336
2024-03-05,0.007957320913730392,0.007857320913730393,1.0311727584548165,0.7679737913151199
2024-03-06,-0.013153429051275811,-0.013303429051275812,1.0044558716855967,0.7444536774178441
2024-03-07,0.012728737182685485,0.012678737182685485,1.0299700636705733,0.7665711471211942
2024-03-08,0.019136198539792527,0.018986198539792526,1.0688159738388086,0.8001116176551064
2024-03-11,0.009172347050563207,0.009072347050563208,1.087791871934607,0.8164428549802241
2024-03-12,0.006488029117006794,0.006338029117006794,1.101337526389969,0.8279555226844677
2024-03-13,-0.009131170376100695,-0.009231170376100694,1.082149855418808,0.8110813538146333
2024-03-14,0.013355673347414821,0.013355673347414821,1.1099583687481482,0.8352695647817752
2024-03-15,0.016932194521784148,0.016682194521784148,1.1456845942806582,0.8658858886613747
2024-03-18,-0.004690470409794751,-0.004840470409794751,1.1356203241824323,0.8568541232292557
2024-03-19,0.01456751777772699,0.014467517777726991,1.1667310112214349,0.8837181932677205
2024-03-20,0.0007543899794480336,0.0006543899794480336,1.1683655713844594,0.8849508795774987
2024-03-21,-0.004869662365700173,-0.004919662365700172,1.1578063631664084,0.8756775576740479
2024-03-22,-0.026379701207607596,-0.026579701207607595,1.1008840760422043,0.8258226086292566
2024-03-25,-0.0044061844272783035,-0.004506184427278304,1.09162719334283,0.8175951152232788
2024-03-26,-0.03741889619421636,-0.03751889619421636,1.0133608125181346,0.749400952772102
2024-03-27,0.02665679305301479,0.026606793053014787,1.0670305550384804,0.795946901889256
2024-04-08,0.017819226059686923,0.016969226059686923,1.1038634397709912,0.8264227308586092
2024-04-09,-0.020518953946562217,-0.02081895394656222,1.0606943627404744,0.7883985201379093
2024-04-10,0.004237244928373868,0.004087244928373868,1.069426029477925,0.7957081429192541
2024-04-18,-0.00704550332240203,-0.00789550332240203,1.0548458815117732,0.7815301233107705
2024-04-19,-0.000777740960332668,-0.001227740960332668,1.0532477437025505,0.7793428658063155
2024-04-22,-0.00395999299713431,-0.00445999299713431,1.0451168970161064,0.7714070090853185
2024-04-23,0.017893121485661002,0.017493121485661,1.0817104221067937,0.8023944470957995
2024-04-24,0.00872910648262828,0.00847910648262828,1.099881894047361,0.8176771415364226
2024-04-25,0.01991688542070501,0.01961688542070501,1.1417050011281153,0.8533343057537772
2024-04-26,0.0256428760823575,0.025442876082357502,1.196624477077009,0.9004884608342527
2024-04-29,0.00020122310720020465,-0.00029877689279979536,1.1970664886796385,0.8999206387971228
2024-04-30,0.018270479221890474,0.018020479221890474,1.2372079463101717,0.9341581191918074
2024-05-06,0.004956333288390002,0.004706333288390002,1.2482962945275196,0.9432609119331696
2024-05-07,-0.019602166424926543,-0.019752166424926543,1.2042248163896456,0.9048772989936111
2024-05-08,0.01609023101219742,0.01594023101219742,1.2396913028881738,0.93524148318946
2024-05-09,-0.010591016399921594,-0.010791016399921595,1.2159706955685237,0.9143582606065539
2024-05-10,-0.009677936752838878,-0.009777936752838877,1.194524671330667,0.8956397866120684
2024-05-13,0.0031115964985262757,0.0029615964985262757,1.2013531466139087,0.9012539067665659
2024-05-14,-0.011673600222301328,-0.011773600222301327,1.1756554300322328,0.8788693033472077
2024-05-15,-0.0036649569630477054,-0.003914956963047706,1.1676817465147438,0.871513610885412
2024-05-16,0.015797288918146808,0.015647288918146807,1.20192524134703,0.9007977250691801
2024-05-17,0.0036315195372430943,0.003381519537243094,1.2099215758805308,0.9072253097128486
2024-05-20,-0.01225300894042739,-0.012353008940427389,1.1828433870536235,0.8836653384105566
2024-05-21,0.001763944861587513,0.0015639448615875132,1.186693802429867,0.8866112871375145
2024-05-22,-0.017257067674666105,-0.017507067674666105,1.1489578794975621,0.853582255657809
2024-05-23,-0.008468085173322759,-0.00861808517332276,1.1307603211400936,0.8376079259027902
2024-05-24,0.011574832312465788,0.011474832312465788,1.1554235145553462,0.858694168708583
2024-05-27,-0.0019022222169040482,-0.0020522222169040484,1.1513234200591218,0.8548797152411292
2024-05-28,0.0012442177629922557,0.0009942177629922557,1.1540001348723008,0.8567238696022359
2024-05-29,-0.006104556095188812,-0.006254556095188812,1.1408509202199286,0.8451108860065328
2024-05-30,0.0026596972447768706,0.0025096972447768706,1.1465449355139152,0.8497415557134513
2024-05-31,-0.015153764381624135,-0.015303764381624136,1.1140166993265685,0.8214335467779137
2024-06-03,-0.0010166851409068533,-0.0011166851409068533,1.1118674099607344,0.8193995790010775
2024-06-04,-0.011542910777308374,-0.011742910777308374,1.0874903128740523,0.7980345320765954
2024-06-05,-0.03033486975912439,-0.030434869759124388,1.0241665661095842,0.7433115852704362
2024-06-06,0.00972463852618075,0.00957463852618075,1.0438508542817804,0.7600031635379039
2024-06-07,0.0011923076894564289,0.0011423076894564288,1.0462877533714425,0.7620136286850807
2024-06-11,0.0013131816678944753,0.0011631816678944753,1.0489749009364067,0.7640631706365475
2024-06-12,-0.008855807831718942,-0.008955807831718942,1.0308295729616987,0.7482645598773139
2024-06-13,0.0031933379400484073,0.003143337940048407,1.0373146980868095,0.7537599461976185
2024-06-14,-0.0002138647227535817,-0.00041386472275358165,1.0368789883437417,0.7530341268237091
2024-06-17,0.013037824595815612,0.012837824595815612,1.0634354593166697,0.7755392714543505
2024-06-18,-0.011000436370557249,-0.011100436370557248,1.0407367688417053,0.7558300107481459
2024-06-19,-0.026126230985534765,-0.026226230985534765,0.987420008638273,0.709781207314931
2024-06-27,0.010264222564025738,0.009414222564025737,1.007819329935134,0.7258774681363822
2024-06-28,0.006257274852625244,0.005907274852625244,1.020382807336952,0.7360727007026167
2024-07-01,-0.007110767826431758,-0.007410767826431758,1.0060163342734647,0.7232070689879031
2024-07-02,-0.011191859396221832,-0.011341859396221832,0.9835652815137519,0.7036626967008668
2024-07-03,-0.020519525637940565,-0.020569525637940567,0.9428634628652017,0.6686191631826754
2024-07-04,0.010125074375779159,0.009875074375779159,0.9625350999286959,0.6850969015239547
2024-07-05,-0.028247491073131386,-0.028397491073131387,0.907098407212753,0.6372443773055669
2024-07-08,0.019507386346343726,0.019357386346343725,0.9443009126427491,0.6689371492604497
2024-07-09,-0.0016079537575353464,-0.0017579537575353463,0.9411745666844857,0.6660032349278171
2024-07-10,0.028899448180151943,0.028699448180151944,0.9972734404830128,0.7138166084365933
2024-07-11,-0.00425938698676005,-0.00440938698676005,0.9887662799816179,0.7062597277856597
2024-07-12,-0.014822017986394742,-0.015022017986394742,0.9592887504089951,0.6806282634654026
2024-07-15,0.007290747547131993,0.007240747547131993,0.9735734300601628,0.6927972684417303
2024-07-16,-0.007314784113868794,-0.007564784113868794,0.9591371664864052,0.6799916225574216
2024-07-17,-0.004514179782603889,-0.004664179782603889,0.9502932690981043,0.6721558395965455
2024-07-18,-0.0011806666902612728,-0.0013306666902612727,0.9479906227990393,0.6699307575198685
2024-07-19,-0.002828642489241895,-0.003128642489241895,0.9424804537547453,0.6647061411977999
2024-07-22,-0.023181791311597606,-0.023431791311597606,0.8974502772489454,0.6256990943021181
2024-07-23,-0.01840166456773936,-0.018451664567739362,0.8625340337130463,0.5957022399259777
2024-07-24,0.009321207808837568,0.009221207808837568,0.8798951004923181,0.6104165418813627
2024-07-25,0.022055927482711467,0.021955927482711468,0.9213579305038813,0.6457747306918689
2024-07-26,-0.00582731603553927,-0.00597731603553927,0.9101615706254453,0.6359374150032189
2024-07-29,0.0009423129797222985,0.0008423129797222985,0.9119615406668125,0.6373153863218894
2024-07-30,0.04123687838204999,0.04123687838204999,0.9908048661904467,0.7048331617807044
2024-07-31,0.001796494771992907,0.001796494771992907,0.9943813367246157,0.7078958856429636
2024-08-01,-0.018071233797077136,-0.018171233797077135,0.9583404053081381,0.676861310203879
2024-08-02,-0.026309835736208275,-0.026459835736208276,0.9068167909289016,0.6324918353834814
2024-08-05,0.015033004250345438,0.014983004250345438,0.9354819758515658,0.6569514674916863
2024-08-06,-0.0009553022576000214,-0.0011053022576000215,0.9336330055504907,0.6551200352939341
2024-08-07,-0.0004724506175545817,-0.0006724506175545817,0.9327194594428942,0.6540070488040737
2024-08-08,-0.008029149571360316,-0.008129149571360315,0.9172013658235485,0.640561378112261
2024-08-09,-0.0038420850490763657,-0.003992085049076366,0.909835315119849,0.634012117562607
2024-08-12,0.008727148410927938,0.008477148410927938,0.9265027313553313,0.6478638807884396
2024-08-13,-0.01148709005400878,-0.011637090054008781,0.9043728209909587,0.628687540410956
2024-08-14,0.00999503844559157,0.00984503844559157,0.923407100551503,0.6447220318621576
2024-08-15,-0.004196323233054217,-0.004396323233054216,0.9153358626488373,0.637491302181566
2024-08-16,0.0019167908088084495,0.0015667908088084494,0.9190071608261439,0.6400569085033279
2024-08-19,-0.016852907687140716,-0.017002907687140717,0.8866663102937788,0.6121711722863883
2024-08-20,-0.00045474080065716624,-0.0006047408006571663,0.8858083661452629,0.6111962266008633
2024-08-28,0.0157615624566453,0.014811562456645302,0.9155316524895258,0.6350605601410733
2024-08-29,0.01631252654187581,0.01611252654187581,0.9467788134125643,0.6614055168139206
2024-08-30,-0.022561840061442417,-0.02286184006144242,0.9028559011893453,0.6234227296113226
2024-09-02,0.0079402356102305,0.0078402356102305,0.9179650253771061,0.6361507463064788
2024-09-03,-0.0034435308268707943,-0.0036435308268707944,0.9113604536873601,0.6301893806249037
2024-09-04,0.006912557174529305,0.0068125571745293045,0.924572842104608,0.6412951389857213
2024-09-05,-0.013824187118858721,-0.013824187118858721,0.8979671870114803,0.6186055678671096
2024-09-06,-0.004749096764583271,-0.004899096764583271,0.888953557184359,0.6106758625664355
2024-09-09,0.007968470383177894,0.007868470383177895,0.904005627659981,0.6233494178879391
2024-09-10,-0.004118421948293954,-0.004268421948293954,0.8961641290933511,0.616420277602876
2024-09-20,0.00525408241921862,0.00435408241921862,0.9061267317079735,0.623458304715655
2024-09-23,0.039855289923445315,0.039305289923445313,0.9820959652310239,0.687268804061129
2024-09-24,0.008897407122062278,0.008697407122062278,0.9997314799886812,0.7019436677744038
2024-09-25,0.04170132161267796,0.041301321612677966,1.0831229255746857,0.7722361905638153
2024-10-10,-0.047979001738846186,-0.04882900173884618,0.9831767671063076,0.6856996665331285
2024-10-11,0.04033975867462809,0.040189758674628095,1.0631776393005055,0.753447529328996
2024-10-14,-0.011429081709402978,-0.011529081709402977,1.0395974134799268,0.7332318894902112
2024-10-15,0.0038444095695788884,0.0036444095695788883,1.0474384612943974,0.7395484963745687
2024-11-05,-0.0006167143549996257,-0.0014667143549996257,1.046175776604339,0.7369970756237181
2024-11-06,0.026726225343412506,0.026276225343412507,1.1008623315020984,0.7826388022036554
2024-11-07,0.0024788381462344466,0.0020288381462344467,1.106070029189413,0.7862554878065242
2024-11-08,0.03389645173727395,0.03364645173727395,1.1774583302891513,0.846356646867447
2024-11-11,-0.0038269529996986518,-0.004126952999698652,1.1691252996003323,0.8387368197651439
2024-11-12,0.001731291693044129,0.001481291693044129,1.172880688212702,0.8414605253419565
2024-11-13,-0.031832094197627066,-0.032032094197627065,1.1037133454653105,0.7824746883329912
2024-11-14,-0.015082901304237789,-0.01523290130423779,1.0719832447032491,0.7553224273283126
2024-11-15,-0.01102558884563291,-0.011175588845632911,1.0491384093521106,0.7357056655889731
2024-11-18,0.030456357815764213,0.03015635781576421,1.1115477019613644,0.7880482267033233
2024-11-19,0.018113139991469063,0.017913139991469065,1.1497944610856554,0.820077784899758
2024-11-20,0.003529805981959638,0.003279805981959638,1.1573828184343795,0.826047286906304
2024-11-21,-0.02297381499809183,-0.02307381499809183,1.1078195046836061,0.7839134096304605
2024-12-03,-0.011373662697467913,-0.012273662697467913,1.0838458766101908,0.7620182581591664
2024-12-11,0.01211907895614504,0.01121907895614504,1.109100169321267,0.7817864801196233
2024-12-19,0.017273773884295397,0.016323773884295397,1.1455322887454518,0.8108719597311906
2024-12-20,-0.037512564225179346,-0.03786256422517935,1.065047870966692,0.7423077038522921
2024-12-23,0.010707802909984587,0.010557802909984586,1.0871599965686864,0.7607026451981125
2024-12-31,-0.029755581627035815,-0.030655581627035817,1.0250553369221032,0.7067272815373038
2025-01-02,-0.027742375147493514,-0.028042375147493515,0.9688754920707763,0.6588665948339729
2025-01-10,0.008809211755253555,0.008059211755253554,0.986219733200157,0.6722357519954563
2025-01-13,0.0499694426123833,0.0495694426123833,1.0854700261738857,0.7551275461383709
2025-01-14,-0.007012472329704034,-0.007262472329704034,1.0708457253209143,0.7423809808994397
2025-01-15,0.0050678253220186875,0.004967825322018687,1.0813404097256898,0.7510368252569557
2025-01-16,0.002445336146725463,0.0023453361467254633,1.0864299866632323,0.7551435952174781
2025-01-17,0.008768247302406319,0.008568247302406318,1.1047243207654516,0.7701820995925359
2025-01-20,0.0018605120869995995,0.0018105120869995994,1.1086401858040378,0.7733870356800385
2025-01-21,-0.01066021623953985,-0.01081021623953985,1.0861616254519832,0.7542163383479408
2025-02-06,0.013625873558498796,0.012675873558498797,1.1145873999829843,0.7764525628470922
2025-02-07,0.015585740516484137,0.015185740516484138,1.147544810498546,0.8034293105063313
2025-02-10,-0.0009112235197501984,-0.0011112235197501983,1.1455879171575023,0.8014252974402896
2025-02-11,0.015665921667328025,0.015465921667328025,1.1792005293980572,0.8292859999800442
2025-02-12,-0.009447412621901302,-0.009547412621901301,1.1586127228109682,0.8118210517347673
2025-02-13,0.0072133728596003865,0.006963372859600386,1.174183601240081,0.8244374372728698
2025-02-14,0.007467590681586511,0.007317590681586511,1.1904195144407597,0.8377879236629955
2025-02-17,-0.029428223116085395,-0.029678223116085395,1.1259593602519695,0.7832456436244779
2025-02-18,0.02563923644204652,0.02538923644204652,1.1804673349556518,0.8285208889047091
2025-02-19,0.006093596559128939,0.005993596559128939,1.1937542232052305,0.8394803054127438
2025-02-20,0.03040478639962777,0.03025478639962777,1.2604548517750667,0.8951333891393285
2025-02-21,0.003978594431919208,0.003778594431919208,1.269448284861944,0.9022943296112746
2025-02-24,-0.005302211811085667,-0.0053522118110856665,1.2574151893613008,0.8921128474321678
2025-02-25,0.011564390251666834,0.011464390251666835,1.2835208195711152,0.9138047675153229
2025-02-26,-0.004015526761569288,-0.0040655267615692875,1.274351280609527,0.9060241430165705
2025-02-27,-0.04095225757939196,-0.04105225757939196,1.1812114611399855,0.8277775489449146
2025-02-28,0.006938617926865137,0.006788617926865137,1.196346054086535,0.8401856323800034
2025-03-03,0.017688938534291355,0.017588938534291356,1.235197084437305,0.8725525443596214
2025-03-04,0.011631336787679391,0.01148133678767939,1.2611954145132347,0.8940519507740401
2025-03-05,0.024996407682115758,0.024846407682115757,1.3177171769433387,0.9411123377140787
2025-03-06,-0.0008162016785647319,-0.0009162016785647318,1.3158254522930792,0.9393338873319823
2025-03-07,-0.0030943495822009113,-0.0032943495822009114,1.3086594787723258,0.9329450435505022
2025-03-10,0.007682067556957222,0.007482067556957223,1.3263947568542647,0.9474074689502325
2025-03-11,0.0018678197698784372,0.0017678197698784372,1.3307400429736589,0.9508501343738518
2025-03-12,-0.012718401680821107,-0.012818401680821106,1.3010967548935457,0.9258433537323638
2025-03-13,0.015775969879070994,0.015625969879070993,1.3373987879875742,0.9559365239695949
2025-03-14,0.005232803920155904,0.005032803920155904,1.3496299375283232,0.9657803689750053
2025-03-17,0.0037010170432701774,0.0035010170432701773,1.3583259579724931,0.9726625995501126
2025-03-18,-0.00640783562331651,-0.00660783562331651,1.3432141928876051,0.9596275693520213
2025-03-19,0.0026840256651620544,0.0026340256651620543,1.3495034399202877,0.9647892786638537
2025-03-20,-0.01524194760925619,-0.01544194760925619,1.3136924315812553,0.9344491055594981
2025-03-28,-0.003485971426490558,-0.0044359714264905585,1.3056269658750757,0.9258679446012359
2025-03-31,0.005342015204971434,0.004842015204971434,1.3179436601837726,0.9351930264717623
2025-04-01,0.005179668650150027,0.004979668650150027,1.3299498402932404,0.9448296465176726
2025-04-10,0.01548425822506761,0.01448425822506761,1.3660273852717961,0.9729990613216017
2025-05-06,0.0008118205371212383,-8.817946287876177e-05,1.367948174894551,0.9728250833241141
2025-05-07,0.01105611594509857,0.01075611594509857,1.3941284844681698,0.9940450186597471
2025-05-08,-0.0025532538986336286,-0.002803253898633629,1.3880156665813717,0.9884552041871382
2025-05-09,0.012036143572771867,0.011736143572771867,1.4167581659983735,1.011791999951504
2025-05-12,-0.0036934978027214514,-0.0038934978027214515,1.4078318750225494,1.0039590922201604
2025-05-13,-0.0005232460334421596,-0.0007732460334421596,1.4065719865447481,1.0024095388009209
2025-05-14,-0.012364196587661348,-0.012464196587661347,1.37681665740075,0.977451112660298
2025-05-15,0.0054234228368514,0.0052734228368514,1.3897071391395062,0.9878790485165581
2025-05-16,0.009362384621944109,0.009112384621944108,1.4120804965099363,1.005993366988545
2025-05-26,-0.003359440159267801,-0.004259440159267801,1.403977256422574,0.9974489582819692
2025-05-27,-0.00352153408031019,-0.00387153408031019,1.3955115685857913,0.9897157665663006
2025-05-28,0.012652008707476759,0.012402008707476759,1.4258196018104003,1.0143922388286595
2025-05-29,-0.012705388482432961,-0.012955388482432962,1.3949986213810983,0.9882950048186363
2025-05-30,0.00028581591536209203,3.581591536209203e-05,1.3956831501043592,0.988366217424244
2025-06-03,0.009411398708047058,0.009161398708047058,1.4182298794081416,1.0065824331196787
2025-06-04,0.0007387345101884879,0.0004887345101884879,1.4200163092736298,1.007563119202282
2025-06-05,0.0016794657759253927,0.0015294657759253928,1.424080643842236,1.010633618286112
2025-06-06,0.0062272260806161776,0.006177226080616178,1.4391759420490873,1.0230537567115525
2025-06-09,-0.007674414580910283,-0.007774414580910283,1.4204566946340202,1.007325698087409
2025-06-10,0.010122013964508791,0.010022013964508792,1.4449565910975948,1.0274431442649585
2025-06-11,0.00029147191908754366,0.00019147191908754367,1.4456692272872878,1.0278313426946322
2025-06-12,-0.01623109499430676,-0.01638109499430676,1.405973337734535,0.9946132448375189
2025-06-13,-0.0005971817608011632,-0.0006971817608011631,1.404536534340266,0.9932226368633659
2025-06-16,0.0046375220635963554,0.0044875220635963555,1.4156876255709925,1.0021672674239497
2025-06-17,-0.0012772731663935276,-0.0015272731663935276,1.4126021325884617,0.9991094110817815
2025-06-18,-0.008591483727882487,-0.008741483727882488,1.3918743006244734,0.9816342286945534
2025-06-19,0.0016534288238819084,0.0015534288238819084,1.3958290945362282,0.9847125564237984
2025-06-27,0.007497941911800238,0.006547941911800238,1.4137928819176615,0.997708338954882
2025-06-30,0.004629319462858189,0.004379319462858189,1.4249671002852313,1.0064569419647809
2025-07-01,-0.00841444708773304,-0.00881444708773304,1.4045623429303875,0.9887711334160176
2025-07-02,0.010521960178673184,0.010271960178673184,1.4298630521498383,1.0091997113029616
2025-07-03,-0.008673820564259633,-0.008973820564259632,1.4087868560397667,0.9911695136159666
2025-07-04,-0.0008969099705015638,-0.0010469099705015638,1.4066263910917716,0.9890849383992033
2025-07-07,0.01350364283846341,0.013303642838463409,1.439124614322695,1.0155470139950333
2025-07-08,0.003500295741602583,0.0033002957416025827,1.4476622718234466,1.022198915222321
2025-07-09,0.0021725969792045774,0.0019725969792045773,1.4529800554813233,1.0261878986938395
2025-07-10,0.009338605318302889,0.00923860531830289,1.475887468073132,1.0449070489905936
2025-07-11,-6.383815175712293e-05,-0.0001638381517571229,1.4757294119932114,1.0445720151991718
2025-07-14,-0.0047623392364837145,-0.0049123392364837145,1.4639391486755593,1.0345283838670922
2025-07-15,0.006040214993441329,0.0057902149934413285,1.4788218708643166,1.0463087406199412
2025-07-16,0.008315523252040524,0.008165523252040523,1.499434571769155,1.0630179222223273
2025-07-17,0.0033465340698438763,0.0031965340698438763,1.5077990147189264,1.0696124292974094
2025-07-18,0.010463877503775476,0.010363877503775477,1.534040316413034,1.091061638994939
2025-07-21,0.005995472635836096,0.0058454726358360964,1.5492330857881935,1.1032848825855304
2025-07-22,-0.00480604109028866,-0.00495604109028866,1.5369813668291719,1.0928609162828535
2025-07-23,0.016679831025810533,0.016629831025810532,1.5792977873435121,1.1276648396811604
2025-07-24,0.0012221186582392963,0.0010221186582392964,1.58244999529458,1.1298395656122784
2025-07-25,-0.0047572713258985655,-0.0049072713258985655,1.5701645799813986,1.1193878649831852
2025-07-28,0.0015101041957044203,0.0013601041957044203,1.5740457962972791,1.1222704533106738
2025-07-29,-0.002046222985767082,-0.002246222985767082,1.5687787246224785,1.1175033606364333
2025-07-30,-0.012587370457035046,-0.012687370457035045,1.5364445551935053,1.090637811056022
2025-07-31,0.007110675642801023,0.007060675642801023,1.554480389711435,1.1053991265264642
2025-08-01,0.0070087337188847855,0.006758733718884785,1.5723840625530356,1.119628958594629
2025-08-04,0.008842033299048879,0.008692033299048878,1.5951291680920723,1.1380528440843616
2025-08-05,0.003102397569211207,0.002902397569211207,1.6031802905149504,1.1442583234618775
2025-08-06,0.0006930266582233224,0.0005930266582233225,1.6049843638524384,1.1455299258098073
2025-08-07,-0.004708187044402778,-0.004908187044402778,1.5927196102196763,1.134999263624569
2025-08-19,0.01087179277661337,0.009971792776613371,1.6209071205498464,1.1562890338596552
2025-08-20,-0.005079198213934488,-0.005429198213934488,1.6075950137842616,1.1445821132882976
2025-08-21,0.01086113337297558,0.01046113337297558,1.6359164510116786,1.1670168728047043
2025-08-22,0.017299530175687673,0.016949530175687674,1.6815165671965469,1.203746790681532
2025-08-25,0.0013675286051702596,0.0008675286051702596,1.685183617807426,1.2056586040610004
2025-08-26,-0.017760863042539342,-0.01796086304253934,1.637492439327478,1.1660430719548622
2025-08-27,0.020308290529958462,0.02015829052995846,1.6910554020559094,1.2097067974997322
2025-08-28,0.004822207057778078,0.0045722070577780775,1.7040322284085754,1.2198100345148806
2025-08-29,0.00045464768810638543,0.0001546476881063854,1.7052616104097864,1.2201533230047539
2025-09-01,-0.007252217185421567,-0.007352217185421567,1.6856424656677111,1.2038302735890873
2025-09-02,-0.01893818165783758,-0.019088181657837582,1.6347812807848934,1.161763160983777
2025-09-03,-0.0016733176250102954,-0.0017233176250102955,1.630372454829709,1.1580377564273556
2025-09-04,0.02403226185902846,0.023882261859028458,1.6935862544509521,1.209576579228024
2025-09-05,0.017220664853050162,0.01707066485305016,1.7399716005916348,1.2472955204791742
2025-09-08,-0.009130585153039305,-0.009280585153039306,1.7149540565755235,1.2264393030373233
2025-09-09,0.002109990519854843,0.0020099905198548433,1.7206825838967394,1.2309144249294608
2025-09-10,0.019642351095477635,0.019492351095477634,1.7741231864289908,1.2744001921641512
2025-09-11,-0.0027163517358240576,-0.0028163517358240574,1.7665876920961447,1.267994681234991
2025-09-12,0.004441301378831924,0.004341301378831924,1.778874941827711,1.2778407296718197
2025-09-15,0.0034649217629622144,0.003214921762962214,1.7885035260902007,1.2851638094062032
2025-09-16,0.009919412447479486,0.009719412447479486,1.8161638426767404,1.3073742589798756
2025-09-17,-0.010296620699699482,-0.010446620699699483,1.7871668717604896,1.2832699952840625
2025-09-18,0.0008458017287505893,0.0007458017287505893,1.789524262318941,1.2849728619937495
2025-09-19,-0.0006557610349928689,-0.0007057610349928689,1.7876950010015449,1.283360217181738
2025-09-22,-0.0013008522711480841,-0.001450852271148084,1.784068621628224,1.2800473988247907
2025-10-15,-0.01870850876323018,-0.01965850876323018,1.7319828494230585,1.2352250670544134
2025-10-16,-0.02798679622998887,-0.02818679622998887,1.655523402112431,1.1722212335611872
2025-10-17,0.006965080281723185,0.006715080281723185,1.6740193357981386,1.1868078735342147
2025-10-20,0.015853614958401634,0.015703614958401634,1.7164122087392033,1.221148662368197
2025-10-21,0.006999453958739443,0.006749453958739443,1.7354256109272312,1.236140203000367
2025-10-22,0.006934339156582281,0.006684339156582281,1.754393979851002,1.2510873225188903
2025-10-23,0.007569326889426203,0.007319326889426203,1.7752428882667615,1.2675637664890496
2025-10-24,0.0024865247812407842,0.002286524781240784,1.7821435984823992,1.27274860723417
2025-10-27,-0.005250271455172406,-0.005450271455172405,1.7675365893630963,1.260361510375379
2025-10-28,0.015917237453078992,0.01576723745307899,1.8115881264160731,1.2960011670392682
2025-10-29,-0.012907657911659431,-0.013107657911659432,1.7752971086918112,1.2659059691769463
2025-10-30,0.005160757849955272,0.0049607578499552725,1.7896197450314508,1.2771465800008013
2025-10-31,0.006379846697409047,0.006229846697409047,1.8074170913488166,1.2913328541017357
2025-11-03,-0.009243081782725194,-0.009343081782725193,1.781467905575259,1.2699247438544181
2025-11-04,0.001975071334794243,0.0018250713347942428,1.786961503104211,1.274067518436567
2025-11-05,0.005697090179599679,0.005497090179599679,1.8028390741144684,1.2865682726599115
2025-11-06,0.002187005961529309,0.002037005961529309,1.8089688998787636,1.2912260258627635
2025-11-07,0.005111850812783198,0.004761850812783198,1.8233279298326917,1.302136502376288
2025-11-10,0.0008717618231682212,0.0007217618231682211,1.8257891993362043,1.3037980966154255
2025-11-11,-0.00480650832840464,-0.005056508328404641,1.8122070200152787,1.2921489223529266
2025-11-12,0.005975352752099638,0.005925352752099639,1.829010948971801,1.305730713278213
2025-11-13,-0.00600127752709419,-0.00615127752709419,1.812033269139833,1.2915475237580938
2025-11-14,0.0014168197432447682,0.001366819743244768,1.8160174133942113,1.2946796561561502
2025-11-17,-0.0077489451263129,-0.0078489451263129,1.794196248983078,1.2766688414525142
2025-11-18,-0.004736687259796613,-0.004836687259796613,1.7809610152091486,1.265657306272285
2025-11-19,-0.003777625054673317,-0.0039776250546733165,1.770455587202025,1.2566453710055523
2025-11-20,-0.02486893658986288,-0.025068936589862877,1.7015573028788662,1.2000736712940063
2025-11-21,0.010330655297720892,0.010180655297720892,1.7294661601419485,1.2224718629710418
2025-11-24,0.008133062957968534,0.007933062957968534,1.751665080264028,1.2401028721823049
2025-12-02,-0.007344846351194684,-0.008294846351194684,1.7314545230395408,1.2215215630466827
2025-12-03,0.001848551333559545,0.001398551333559545,1.736503756940663,1.2246284749912126
2025-12-04,0.029362179015082267,0.028962179015082266,1.8168534701273997,1.2890585631259577
2025-12-05,0.005030108173934444,0.004630108173934444,1.831022547792263,1.2996571518897015
2025-12-08,-0.005327663463951115,-0.005727663463951115,1.8159398123987684,1.2864854896412088
2025-12-09,0.0029492866232136592,0.002749286623213659,1.824244826019251,1.2927716936120515
2025-12-10,-0.011917784442044272,-0.012167784442044272,1.7905860849711948,1.2648737418693594
2025-12-11,0.0061123523450667405,0.005912352345066741,1.8076431303717793,1.278264473448381
2025-12-12,-0.002323551998255885,-0.0025235519982558853,1.8011194255658145,1.272515154583855
2025-12-15,-0.010925765398141917,-0.011125765398141918,1.7705150518699044,1.2472316841102327
2025-12-16,0.01182418495955977,0.01157418495955977,1.8032741342764584,1.2732415592691075
2025-12-17,-0.0003023728613112786,-0.00045237286131127863,1.8024265002554372,1.2722132064804894
2025-12-18,0.011843371329494107,0.011643371329494107,1.835616677921577,1.298669428583322
2025-12-19,0.010502113362771936,0.010402113362771937,1.865396645726476,1.322580448562984
2025-12-22,-0.003930033060490684,-0.004030033060490684,1.8541355421773518,1.313220372569626
2026-01-13,0.0024142477189217637,0.0015642477189217636,1.8610261323995467,1.3168388222607814
2026-01-14,-0.0029612444837178397,-0.0032612444837178396,1.8525539345472062,1.30928304443202
2026-01-15,0.009079032950591115,0.008779032950591115,1.878452365712299,1.3295563163713298
2026-01-16,-0.003943353936075589,-0.004193353936075589,1.8671016092461614,1.3197876622227644
2026-01-19,-0.007446352403438683,-0.007596352403438683,1.8457521602872484,1.302165737639371
2026-01-20,0.0025817060782101164,0.0023817060782101163,1.8530990559365415,1.3076488197697538
2026-01-21,0.00801431269315266,0.00796431269315266,1.8759646839153556,1.3260276565563847
2026-01-22,0.02103270376852273,0.02073270376852273,1.9364539971608803,1.3742524989171594
2026-01-23,-0.016863142126047552,-0.017113142126047552,1.8869361560601559,1.3336215784600665
2026-01-26,-0.005741481334706716,-0.005941481334706716,1.8703608660056465,1.319756409409377
2026-01-27,-0.006962910613765372,-0.007062910613765372,1.8503747998663989,1.3033721772440092
2026-01-28,-0.01120468236909799,-0.01130468236909799,1.8184372556010144,1.277333286402448
2026-01-29,-0.012666595299568251,-0.01276659529956825,1.7827372515070907,1.248259493972712
2026-01-30,-0.026125380196081495,-0.026275380196081496,1.710037182825669,1.1891856209891296
2026-02-02,0.017893304497344942,0.01774330449734494,1.7585287033370958,1.2280290080635488
2026-02-03,-0.001698483162167108,-0.001848483162167108,1.7538433887821228,1.2239105339573233
2026-02-04,-0.01160676067333204,-0.01185676067333204,1.7218801876366912,1.197542158997289
2026-02-05,-0.0011374359088351827,-0.0011874359088351828,1.7187842233717263,1.1949327185265166
2026-02-06,0.01708091045966361,0.01693091045966361,1.765223533250285,1.232094927848875
2026-02-09,-0.005159686776461758,-0.005309686776461758,1.7509558459518129,1.2202432029266688
2026-02-10,0.003695606662389145,0.003595606662389145,1.761122296704051,1.2282263241792362
2026-02-11,-0.0015837176157954213,-0.0016837176157954213,1.756749458683395,1.2244746202652363
2026-02-12,-0.006557617755574258,-0.006657617755574258,1.738671749485463,1.209664918536534
2026-02-13,0.016384356811858493,0.016284356811858493,1.7835431246195896,1.245647890504629
2026-02-24,0.015531473144834223,0.015381473144834222,1.8267756499071064,1.28018926322518
2026-02-25,-0.0027163516966082824,-0.0028663516966082824,1.8190971330745502,1.2736534388619463
2026-02-26,0.01631436022162729,0.016264360221627288,1.8650888992032852,1.3106329574107387
2026-02-27,-0.01040997224358387,-0.010559972243583871,1.8352634032871786,1.286232737515371
2026-03-02,-0.042488302197134016,-0.042738302197134016,1.7147978749998383,1.188523031886458
2026-03-03,-0.012020712154911234,-0.012070712154911234,1.6821640711857007,1.1621060003241626
2026-03-04,0.012789445987465408,0.012639445987465407,1.7164674637036503,1.189433822334435
2026-03-05,0.011005332127093759,0.010755332127093759,1.7463630903541532,1.212981910263934
2026-03-06,-0.005239417933407103,-0.005389417933407103,1.7319737463269043,1.2010552258704523
2026-03-09,0.01593299792139568,0.01568299792139568,1.775502278348438,1.2355743704026558
2026-03-10,0.0007624968322589409,0.0006124968322589409,1.7776185900436063,1.2369436526228066
2026-03-11,-0.0013321255598390202,-0.00153212555983902,1.7739184533243253,1.2335163740767032
2026-03-12,-0.008512345833691043,-0.008712345833691043,1.7503059001351713,1.2140572070005353
2026-03-13,-0.003451301896215242,-0.0035013018962152423,1.7408137641668628,1.2063051243033351
2026-03-16,-0.012673922282846573,-0.012873922282846574,1.7060769035280559,1.1779013236008078
2026-03-17,0.0012398822873315896,0.0011898822873315895,1.7094321203488976,1.1804927698093164
2026-03-18,-0.02446506315880645,-0.02451506315880645,1.6431456924000627,1.1270378518401203
2026-03-19,-0.012757169027650533,-0.012807169027650533,1.6094266360374085,1.099796518543393
2026-03-20,-0.04825333650238929,-0.04840333650238929,1.4835130944903976,0.9981593610697919
2026-03-23,0.024647357080424148,0.024397357080424148,1.5447251285442118,1.0469091685054037
2026-03-24,0.014469268729515178,0.014319268729515177,1.581545440271868,1.0762194109541414
2026-03-25,-0.011491149351809966,-0.011741149351809966,1.55188051605922,1.0518422087630022
2026-03-26,0.013374681819350153,0.013224681819350152,1.5860111060025108,1.0789771691174055
2026-03-27,-0.011044812651668744,-0.011244812651668745,1.5574490978215785,1.0555994603435837
2026-03-30,-0.011516160752407096,-0.011666160752407097,1.5279971028949664,1.0316185065966539
2026-03-31,0.01570561990249985,0.01550561990249985,1.5677008645076556,1.0631200109468262
2026-04-01,-0.016696258435698975,-0.016896258435698974,1.5248298672882679,1.0282610020580063
2026-04-02,-0.011719461364657796,-0.011869461364657797,1.4952402212062488,1.0041866364566365
2026-04-03,0.005369264313277261,0.005119264313277261,1.5086378254790254,1.0144465975817964
2026-04-07,0.04045504466376317,0.04035504466376317,1.6101248807539852,1.095739679999976
2026-04-08,-0.014230216698209563,-0.014480216698209564,1.5729822380914675,1.06539291529054
2026-04-09,0.010283097129843533,0.010033097129843533,1.5994404643591245,1.0861152030209404
2026-04-10,0.000453620427288709,0.000353620427288709,1.6006196236532784,1.0868528959704062
2026-04-13,0.010908589777965844,0.010608589777965844,1.6289887162962402,1.108991462270716
2026-04-14,-0.006031105399000735,-0.006231105399000735,1.613133008255474,1.0958501141837145
2026-04-15,0.009367377182230036,0.009217377182230035,1.6376112107711385,1.1151683552035654
2026-04-16,0.00711556165594947,0.00701556165594947,1.6563792959658041,1.1300074492122092
2026-04-17,0.007442474806961502,0.0072424748069615024,1.6761493319537637,1.1454339745017688
2026-04-20,0.00020803214638633882,5.8032146386338804e-05,1.6767060570433405,1.1455584786402393
2026-04-21,0.009806390769760276,0.009756390769760277,1.7029548826144918,1.1664913855772259
2026-04-22,-0.014895914259703835,-0.015045914259703835,1.6626918984352184,1.1338945419454438
2026-04-23,-0.008898245072797439,-0.00904824507279744,1.6389986133695893,1.1145865411704166
2026-04-24,0.00488143365340315,0.00473143365340315,1.6518807100121755,1.1245915670943436
2026-04-27,-0.023537822670594805,-0.023687822670594806,1.5894612121163378,1.0742646188055716
2026-04-28,0.017854201882024252,0.017654201882024254,1.635693975363134,1.1108841051427052
2026-04-29,-0.001631479884023407,-0.001881479884023407,1.6313938936618873,1.1069125191613742
2026-04-30,0.01983582380204164,0.01968582380204164,1.6835897592903328,1.1483888277799008
2026-05-06,0.014683787380260594,0.014533787380260593,1.7229950207315965,1.1796130542129815
2026-05-07,0.00871314817825422,0.00856314817825422,1.7467208798358795,1.1982774037674644
2026-05-08,0.008115486893205858,0.007965486893205857,1.7690118571354825,1.2157877536148045
2026-05-11,-0.00900530572166649,-0.009205305721666491,1.744076058815058,1.1953907499284555
2026-05-12,0.010517527456683056,0.010417527456683057,1.7729369541068722,1.2182612933439834
2026-05-13,-0.024542989749303707,-0.024692989749303708,1.704880790866762,1.1634857899661633
2026-05-14,-0.002899080824509487,-0.0029990808245094866,1.697039122833376,1.156997321219377
2026-05-15,0.004110220265346537,0.0038602202653465366,1.7081245476924782,1.1653238059910462
2026-05-18,0.0197531763361456,0.019653176336145602,1.7616186094232922,1.207879296575042
2026-05-19,-0.007315686743409361,-0.007615686743409361,1.7414154727719815,1.1910647794850675
2026-05-20,-0.01661783438523141,-0.01686783438523141,1.6958590844643457,1.1541062616573998
2026-05-21,0.01954708542945588,0.01934708542945588,1.748555272294145,1.1957819395258116
2026-05-22,0.00414463471471393,0.00384463471471393,1.7599470298910052,1.2042239189964543
2026-05-25,-0.005791217773206031,-0.005891217773206031,1.7439635755983933,1.1912383558687365
2026-05-26,-0.023066020656500284,-0.023216020656500285,1.6806712550829563,1.1403665209355722
2026-05-27,0.0143472063283193,0.0141972063283193,1.7191313986780261,1.1707537460515214
2026-05-28,-0.026001023055658497,-0.026201023055658496,1.6484312004896338,1.1138777771030686
2026-05-29,0.010001253453921454,0.009751253453921454,1.6749188321810045,1.1344907350782125
2026-06-01,-0.00531698469416097,-0.00551698469416097,1.660696329692175,1.1227147823629577
2026-06-02,0.003677868669398282,0.003527868669398282,1.670482021361933,1.1302034413377244
2026-06-03,-0.01665497601974817,-0.01685497601974817,1.6260052073349813,1.0942989134167922
2026-06-04,0.007700723224286621,0.007600723224286621,1.6462273466222035,1.1102170998065977
2026-06-05,-0.03761225773144828,-0.03771225773144828,1.5466967616450429,1.0306360486693822
2026-06-08,0.008175416373866267,0.007975416373866267,1.5675170680494679,1.0468312166613032
2026-06-09,-0.012852708811372415,-0.012952708811372414,1.5345175188055995,1.020319207925862
2026-06-10,-0.01886061240603313,-0.01896061240603313,1.4867149662471064,0.9820127184879159
2026-06-11,0.028065383930935363,0.02801538393093536,1.556505576501634,1.0375395657523518
2026-06-12,0.031363297711942656,0.031163297711942657,1.6366860219996964,1.1010360178397547
2026-06-15,0.006823096637733844,0.006623096637733844,1.6546763855311624,1.114951382425267
2026-06-16,-0.0020447998732296413,-0.0021947998732296413,1.6492481035945628,1.110309487399233
2026-06-17,-0.0016821244059444461,-0.001832124405944446,1.6447917387021045,1.1064431378832724
2026-06-18,0.007332261939067053,0.007132261939067053,1.6641840445045486,1.1214668421024063
2026-06-22,-0.016556053711933416,-0.016706053711933417,1.6200756703652552,1.0860255030901578
2026-06-23,-0.005396676738303574,-0.005596676738303574,1.6059359689423998,1.074350692681505
2026-06-24,-0.014869588216038215,-0.015069588216038215,1.5671867741668635,1.043091081927141
2026-06-25,-0.03481542422308866,-0.03496542422308866,1.4778090775643413,0.9716535355211493
2026-06-26,-0.007983154624796807,-0.008183154624796808,1.45802834456742,0.9555191897734525
2026-06-29,0.02104793268257103,0.02084793268257103,1.5097647596957264,0.9962877222013253
2026-06-30,0.013827880236048478,0.013677880236048478,1.5444694862134543,1.023592706582289
2026-07-01,-0.01289701543839351,-0.013047015438393511,1.5116534239672381,0.9971908612984894
2026-07-02,0.020081325017295797,0.019981325017295798,1.5620907527047279,1.0370973810196675
2026-07-03,-0.008039948358603305,-0.008189948358603306,1.5414916753629266,1.0204136586676702
2026-07-06,-0.018186053694393755,-0.018336053694393756,1.4952719712909217,0.9833672453374533
2026-07-07,-0.009035613628859036,-0.009235613628859036,1.4727256578594154,0.965049631775382
2026-07-08,-0.0014823106639143269,-0.0016323106639143268,1.4690603102478357,0.9618420603063143
2026-07-09,0.010466346633770773,0.010316346633770773,1.494902351314575,0.9820811030411452
2026-07-10,-0.035021545103030724,-0.035271545103030724,1.4075270160903544,0.9121700400173645
2026-07-13,0.01593832676904159,0.01593832676904159,1.4458989683780983,0.9426468309531326
2026-07-14,0.011339487098349315,0.011239487098349316,1.473634208173888,0.9644811849462793
2026-07-15,0.002098157325937028,0.001948157325937028,1.4788242819094566,0.9683083033583979
2026-07-16,-0.027125478159752813,-0.027325478159752812,1.4115849879886566,0.9145233378033177
2026-07-17,0.01793359076803804,0.01783359076803804,1.4548333662655892,0.9486661635255604
2026-07-20,0.019633183724862786,0.019483183724862786,1.5030295607594053,0.9866323844079525
2026-07-21,-0.016675006420177385,-0.016775006420177384,1.4612915267638487,0.9533066134049768
2026-07-22,0.02375293580939214,0.02365293580939214,1.519754426407271,0.999508049347906
2026-07-23,-0.022578558757377614,-0.022728558757377615,1.4628620030364723,0.9540621131624527
2026-07-24,0.023059147058856855,0.022909147058856855,1.5196535001501608,0.9988280094750321
2026-07-27,0.004731620575836143,0.004581620575836143,1.5315755444954489,1.0079858810108009
2026-07-28,0.02660371024497963,0.026553710244979628,1.5989248467444823,1.0613053562711716
2026-07-29,0.013950238994771196,0.013900238994771196,1.6351804694860168,1.0899579933645427
2026-07-30,0.0154046052172238,0.015254605217223799,1.6757743842945874,1.1218394774739
2026-07-31,0.019806696855733098,0.019756696855733096,1.728772636378646,1.163760016806879
2026-08-03,-0.0019589334252539,-0.0020089334252539003,1.7234271524513258,1.1594131669848875
2026-08-04,0.0021356031782513774,0.0020856031782513773,1.7292433121338369,1.1639168459491094
